sequence, time, avgAX, minAX, maxAX, avgAY, minAY, maxAY, avgAZ, minAZ, maxAZ, avgGX, minGX, maxGX, avgGY, minGY, maxGY, avgGZ, minGZ, maxGZ, avgCX, minCX, maxCX, avgCY, minCY, maxCY, avgCZ , minCZ, maxCZ
1, 2017-11-9 14:12:34, -0.46, -0.75, -0.21, -0.08, -0.25, 0.09, -0.46, -0.11, 0.19, -0.51, -2.21, 2.52, -0.46, -3.72, 4.37, 0.03, -4.33, 5.48, 269.09, 231.68, 285.96, -204.25, -288.48, -109.08, 193.80, 149.16, 234.72
2, 2017-11-9 14:12:41, -0.48, -0.66, -0.32, -0.01, -0.13, 0.10, -0.48, -0.09, 0.26, 0.40, -1.75, 2.98, 0.15, -3.66, 2.34, -0.07, -1.94, 1.91, 238.71, 218.80, 258.36, -241.80, -274.68, -217.64, 119.45, 44.28, 197.92
3, 2017-11-9 14:12:48, -0.48, -0.63, -0.30, -0.05, -0.14, 0.05, -0.48, -0.06, 0.19, -0.25, -1.71, 1.50, 0.48, -1.94, 3.56, -0.05, -1.85, 1.58, 210.95, 202.24, 221.56, 45.92, 24.32, 69.40, 101.63, 82.00, 125.24
4, 2017-11-9 14:12:55, -0.46, -0.68, -0.30, -0.11, -0.22, 0.01, -0.46, -0.13, 0.20, -0.20, -2.18, 4.89, 0.97, -2.33, 3.58, -0.20, -2.92, 1.92, 164.74, 123.12, 218.80, 142.31, 82.28, 181.64, 98.05, 45.20, 143.64
5, 2017-11-9 14:13:2, -0.48, -0.66, -0.29, -0.09, -0.18, 0.01, -0.48, -0.02, 0.21, -0.18, -1.92, 2.71, 0.77, -2.57, 3.24, 0.24, -2.01, 2.10, 157.85, 136.00, 185.68, 130.71, 92.40, 152.20, 79.28, 32.32, 109.60
6, 2017-11-9 14:13:9, -0.46, -0.69, -0.26, -0.09, -0.23, 0.02, -0.46, -0.02, 0.26, -0.28, -2.10, 2.60, 0.55, -2.18, 4.27, 0.03, -1.76, 2.05, 202.72, 78.68, 215.12, 119.35, 91.48, 152.20, 74.36, 54.40, 96.72
7, 2017-11-9 14:13:16, -0.46, -0.76, -0.26, -0.10, -0.28, 0.00, -0.46, -0.14, 0.23, -0.17, -2.39, 2.81, 0.60, -2.89, 5.24, 0.07, -2.89, 3.66, 232.55, 184.76, 283.20, 29.84, -53.88, 113.56, 146.24, 96.72, 186.88
8, 2017-11-9 14:13:23, -0.47, -0.69, -0.26, -0.10, -0.24, 0.01, -0.47, -0.04, 0.19, 0.09, -1.23, 2.57, 0.48, -1.55, 4.03, -0.10, -2.18, 2.36, 235.21, 209.60, 252.84, 11.13, -27.20, 47.32, 157.99, 114.20, 195.16
9, 2017-11-9 14:13:30, -0.45, -0.72, -0.26, -0.12, -0.25, -0.00, -0.45, -0.03, 0.25, -0.14, -2.32, 3.82, 0.59, -2.17, 3.69, 0.10, -2.53, 2.57, 206.74, 187.52, 220.64, -14.43, -52.04, 19.72, 140.48, 108.68, 164.80
10, 2017-11-9 14:13:37, -0.45, -0.68, -0.23, -0.14, -0.27, -0.02, -0.45, -0.05, 0.24, -0.24, -2.64, 1.87, 0.14, -3.93, 4.67, 0.10, -2.32, 2.86, 237.37, 225.24, 250.08, -36.42, -69.52, -6.96, 139.59, 121.56, 167.56
11, 2017-11-9 14:13:44, -0.46, -0.72, -0.22, -0.16, -0.29, -0.04, -0.46, -0.04, 0.24, -0.29, -2.40, 2.77, 0.22, -3.75, 4.85, 0.01, -4.01, 2.99, 240.80, 206.84, 258.36, -74.93, -124.72, -22.60, 150.08, 128.00, 176.76
12, 2017-11-9 14:13:51, -0.46, -0.73, -0.25, -0.14, -0.32, -0.02, -0.46, -0.06, 0.24, -0.22, -2.24, 3.23, 0.44, -3.96, 4.50, 0.09, -2.24, 2.43, 274.65, 251.00, 292.40, -104.90, -131.16, -81.48, 162.18, 134.44, 180.44
13, 2017-11-9 14:13:58, -0.46, -0.79, -0.21, -0.10, -0.25, -0.00, -0.46, -0.05, 0.27, -0.28, -2.40, 3.75, 0.12, -3.70, 4.26, 0.11, -1.62, 2.95, 302.35, 285.96, 352.20, -181.35, -202.92, -148.64, 101.75, 66.36, 136.28
14, 2017-11-9 14:14:5, -0.47, -0.73, -0.25, -0.10, -0.25, 0.02, -0.47, -0.04, 0.23, -0.28, -2.99, 3.42, 0.59, -3.74, 4.42, -0.00, -1.96, 2.20, 253.55, 241.80, 269.40, -186.98, -222.24, -158.76, 122.88, 95.80, 152.84
15, 2017-11-9 14:14:12, -0.47, -0.74, -0.23, -0.10, -0.23, 0.00, -0.47, -0.07, 0.26, -0.23, -2.10, 2.88, 0.55, -3.12, 4.38, 0.07, -2.83, 4.01, 262.50, 245.48, 287.80, -208.46, -248.00, -165.20, 129.79, 88.44, 158.36
16, 2017-11-9 14:14:19, -0.47, -0.82, -0.22, -0.10, -0.29, 0.00, -0.47, -0.07, 0.32, -0.22, -3.20, 3.80, 1.16, -3.05, 5.33, -0.02, -3.27, 4.13, 279.29, 244.56, 307.12, -180.13, -266.40, -92.52, 156.95, 117.88, 205.28
17, 2017-11-9 14:14:26, -0.46, -0.75, -0.25, -0.10, -0.26, -0.00, -0.46, -0.07, 0.27, -0.09, -2.50, 2.96, 0.56, -3.12, 3.77, -0.22, -3.20, 2.67, 225.92, 201.32, 248.24, 41.09, -3.28, 81.36, 104.76, 66.36, 141.80
18, 2017-11-9 14:14:33, -0.46, -0.75, -0.25, -0.10, -0.22, 0.01, -0.46, -0.02, 0.31, -0.47, -2.39, 2.93, 0.37, -3.22, 3.40, 0.10, -2.19, 1.96, 202.73, 184.76, 216.96, 45.31, 20.64, 74.92, 90.11, 66.36, 111.44
19, 2017-11-9 14:14:40, -0.47, -0.76, -0.24, -0.08, -0.21, 0.02, -0.47, -0.05, 0.29, -0.07, -2.72, 4.31, 0.32, -2.83, 4.48, 0.06, -1.61, 2.76, 208.28, 190.28, 224.32, 35.09, 13.28, 57.44, 94.60, 52.56, 160.20
20, 2017-11-9 14:14:47, -0.47, -0.82, -0.23, -0.09, -0.28, 0.04, -0.47, -0.07, 0.32, -0.24, -3.44, 4.13, 0.37, -4.88, 5.72, 0.09, -2.77, 2.43, 199.31, 170.96, 219.72, 0.69, -38.24, 58.36, 102.39, 55.32, 133.52
21, 2017-11-9 14:14:54, -0.46, -0.82, -0.24, -0.10, -0.34, 0.07, -0.46, -0.04, 0.33, -0.48, -3.47, 2.53, -0.00, -3.59, 2.33, 0.12, -2.16, 1.64, 251.99, 216.96, 294.24, -75.08, -105.40, -45.60, 105.95, 74.64, 138.12
22, 2017-11-9 14:15:1, -0.47, -0.81, -0.26, -0.10, -0.26, 0.00, -0.47, -0.09, 0.28, -0.52, -2.84, 2.22, -0.70, -5.44, 3.16, 0.16, -3.10, 2.87, 185.26, 157.16, 215.12, -250.84, -331.72, -202.92, 214.02, 159.56, 280.08
23, 2017-11-9 14:15:9, -0.47, -0.70, -0.27, -0.09, -0.21, 0.00, -0.47, -0.06, 0.40, -0.39, -2.70, 2.95, 0.84, -3.61, 5.51, -0.08, -1.85, 3.21, 195.39, 166.36, 213.28, -249.80, -304.12, -197.40, 176.58, 134.72, 210.16
24, 2017-11-9 14:15:16, -0.45, -0.70, -0.28, -0.12, -0.25, -0.04, -0.45, -0.07, 0.30, -0.36, -2.22, 2.73, -0.09, -3.02, 3.92, 0.38, -2.27, 3.64, 151.68, 118.52, 181.08, -158.47, -224.08, -77.80, 101.86, 82.28, 125.52
25, 2017-11-9 14:15:23, -0.46, -0.49, -0.44, -0.11, -0.14, -0.08, -0.46, 0.11, 0.18, -0.45, -1.45, 0.43, -0.02, -1.90, 3.72, 0.20, -1.18, 1.05, 107.07, 66.08, 144.28, 7.46, -84.24, 63.88, 131.47, 97.92, 150.36
26, 2017-11-9 14:15:30, -0.47, -0.58, -0.37, -0.07, -0.19, 0.02, -0.47, -0.16, 0.19, 0.79, -1.31, 3.96, 0.42, -1.68, 2.57, 0.59, -2.59, 2.72, 203.72, 10.60, 353.76, -121.15, -345.52, -11.28, 120.13, 46.12, 194.24
27, 2017-11-9 14:15:37, -0.48, -0.51, -0.45, -0.03, -0.06, 0.00, -0.48, 0.10, 0.17, -0.31, -0.84, 0.30, 0.47, -0.22, 1.29, 0.09, -0.67, 1.17, 15.59, 9.68, 21.64, -0.30, -18.00, 16.04, 331.42, 319.64, 346.32
28, 2017-11-9 14:15:44, -0.48, -0.50, -0.46, -0.05, -0.09, -0.02, -0.48, 0.04, 0.09, -0.23, -0.52, 0.18, 0.41, -0.21, 0.99, 0.11, -0.55, 0.70, 13.80, 9.68, 17.96, 40.41, 22.48, 60.20, 26.03, 11.16, 36.00
29, 2017-11-9 14:15:51, -0.49, -0.50, -0.47, -0.00, -0.03, 0.02, -0.49, 0.06, 0.12, -0.33, -0.70, 0.01, 0.44, 0.07, 0.84, 0.10, -0.32, 0.51, 26.04, 22.56, 29.00, -17.64, -28.12, -8.80, 191.33, 5.64, 359.20
30, 2017-11-9 14:15:58, -0.48, -0.50, -0.47, -0.01, -0.03, 0.00, -0.48, 0.07, 0.12, -0.23, -0.39, -0.03, 0.52, 0.33, 0.64, 0.09, -0.12, 0.28, 23.11, 9.68, 26.24, -9.88, -18.92, -2.36, 335.28, 0.12, 356.44
31, 2017-11-9 14:16:5, -0.48, -0.50, -0.47, -0.01, -0.03, 0.00, -0.48, 0.07, 0.11, -0.32, -0.49, -0.17, 0.60, 0.40, 0.81, 0.13, -0.05, 0.32, 25.15, 20.72, 30.84, -16.06, -23.52, -9.72, 290.67, 0.12, 357.36
32, 2017-11-9 14:16:12, -0.48, -0.51, -0.47, -0.02, -0.05, 0.00, -0.48, 0.06, 0.12, -0.27, -0.62, 0.04, 0.51, 0.24, 0.64, 0.05, -0.50, 0.37, 25.69, 21.64, 31.76, 0.91, -6.96, 15.12, 306.84, 0.12, 358.28
33, 2017-11-9 14:16:19, -0.49, -0.51, -0.46, -0.01, -0.04, 0.02, -0.49, 0.00, 0.12, -0.12, -0.92, 0.93, 1.00, -0.14, 2.55, 0.06, -0.96, 0.66, 28.72, 23.48, 33.60, 45.68, 8.68, 96.08, 35.21, 5.64, 62.68
34, 2017-11-9 14:16:26, -0.48, -0.53, -0.43, -0.03, -0.06, 0.01, -0.48, -0.01, 0.18, -0.17, -1.21, 1.02, 0.19, -1.20, 1.19, 0.16, -0.71, 0.75, 128.03, 34.52, 240.60, 131.86, 93.32, 186.24, 131.54, 3.80, 341.72
35, 2017-11-9 14:16:33, -0.49, -0.52, -0.44, 0.01, -0.08, 0.07, -0.49, -0.01, 0.09, -0.29, -1.35, 1.53, 0.54, -1.05, 1.26, 0.27, -0.70, 2.22, 226.51, 210.24, 237.84, 212.23, 175.20, 235.00, 287.84, 272.72, 325.16
36, 2017-11-9 14:16:40, -0.49, -0.50, -0.48, 0.00, -0.02, 0.02, -0.49, 0.04, 0.09, -0.25, -0.44, -0.03, 0.51, 0.33, 0.71, 0.11, -0.09, 0.31, 238.93, 233.24, 244.28, 212.47, 208.32, 217.52, 287.37, 280.08, 301.24
37, 2017-11-9 14:16:47, -0.48, -0.50, -0.45, 0.11, 0.07, 0.13, -0.48, 0.04, 0.11, 0.06, -0.42, 0.88, 0.29, -0.33, 0.62, 0.25, -0.39, 1.19, 213.93, 198.28, 236.00, 101.62, 75.84, 161.40, 272.74, 232.24, 299.40
38, 2017-11-9 14:16:54, -0.49, -0.54, -0.43, -0.04, -0.09, 0.04, -0.49, -0.02, 0.09, -0.23, -1.40, 0.93, 0.88, -1.33, 4.74, -0.01, -1.47, 1.27, 208.44, 201.96, 218.52, 167.70, 125.52, 239.60, 286.14, 261.68, 304.00
39, 2017-11-9 14:17:1, -0.48, -0.50, -0.46, -0.05, -0.07, -0.01, -0.48, -0.06, -0.01, -0.38, -1.02, -0.12, 0.55, 0.33, 0.87, 0.22, -0.18, 0.83, 195.90, 190.92, 206.56, 197.57, 172.44, 206.48, 313.87, 0.12, 359.20
40, 2017-11-9 14:17:8, -0.48, -0.50, -0.47, 0.06, 0.04, 0.08, -0.48, -0.04, -0.00, -0.26, -0.39, -0.13, 0.57, 0.33, 0.82, 0.17, -0.27, 0.59, 187.54, 178.04, 192.76, 75.20, 69.40, 83.20, 334.10, 329.76, 339.88
41, 2017-11-9 14:17:15, -0.48, -0.50, -0.46, 0.01, -0.01, 0.02, -0.48, -0.07, -0.04, -0.27, -0.55, -0.08, 0.48, 0.14, 0.90, 0.11, -0.20, 0.52, 159.04, 155.04, 164.24, 173.26, 165.08, 189.00, 265.67, 0.12, 359.20
42, 2017-11-9 14:17:22, -0.48, -0.49, -0.46, 0.03, 0.01, 0.05, -0.48, -0.10, -0.05, -0.33, -0.51, -0.15, 0.53, 0.34, 0.71, 0.17, -0.26, 0.46, 131.46, 115.48, 144.00, 144.54, 131.04, 164.16, 124.76, 1.04, 358.28
43, 2017-11-9 14:17:29, -0.49, -0.51, -0.46, 0.02, -0.03, 0.05, -0.49, -0.05, 0.00, -0.21, -0.52, 0.17, 0.66, 0.06, 1.46, 0.01, -0.46, 0.51, 133.78, 128.36, 139.40, 193.21, 173.36, 224.88, 310.30, 298.48, 318.72
44, 2017-11-9 14:17:36, -0.48, -0.54, -0.42, 0.04, -0.01, 0.10, -0.48, -0.01, 0.23, -0.75, -1.98, 0.31, 1.00, 0.08, 2.32, 0.20, -0.97, 1.82, 157.19, 143.08, 164.24, 218.16, 199.12, 235.92, 210.29, 157.72, 281.92
45, 2017-11-9 14:17:43, -0.49, -0.54, -0.44, -0.01, -0.07, 0.03, -0.49, -0.04, 0.05, -0.21, -0.71, 0.97, 0.54, -0.24, 1.00, 0.08, -1.20, 1.30, 125.17, 115.48, 131.12, 293.53, 273.64, 312.28, 290.21, 281.92, 300.32
46, 2017-11-9 14:17:50, -0.49, -0.52, -0.46, -0.00, -0.03, 0.03, -0.49, -0.01, 0.06, -0.21, -0.60, 0.28, 0.56, 0.13, 0.88, 0.05, -0.65, 0.75, 119.86, 113.64, 124.68, 241.04, 227.64, 257.08, 274.79, 260.76, 284.68
47, 2017-11-9 14:17:57, -0.49, -0.52, -0.44, -0.00, -0.04, 0.03, -0.49, -0.04, 0.14, -0.79, -1.61, -0.11, 1.13, 0.08, 2.02, 0.17, -0.69, 1.20, 125.14, 98.92, 155.96, 265.73, 222.12, 307.68, 272.84, 191.76, 320.56
48, 2017-11-9 14:18:4, -0.47, -0.49, -0.43, 0.07, 0.05, 0.09, -0.47, 0.13, 0.19, -0.20, -0.64, -0.01, 0.46, -0.02, 1.22, 0.17, -0.25, 0.54, 147.36, 142.16, 153.20, 256.00, 244.20, 270.88, 139.94, 127.36, 151.28
49, 2017-11-9 14:18:11, -0.48, -0.50, -0.46, 0.03, 0.02, 0.05, -0.48, 0.05, 0.11, -0.27, -1.03, 0.60, 0.50, 0.00, 0.83, 0.03, -0.35, 0.29, 281.72, 0.48, 359.56, 170.87, 158.64, 180.72, 299.54, 282.84, 312.28
50, 2017-11-9 14:18:19, -0.49, -0.52, -0.45, 0.01, -0.04, 0.05, -0.49, -0.04, 0.14, 0.11, -1.42, 2.74, 0.41, -1.07, 1.64, -0.00, -1.05, 1.33, 42.75, 1.40, 349.44, 195.95, 145.76, 240.52, 269.58, 4.72, 346.32
51, 2017-11-9 14:18:26, -0.44, -0.55, -0.37, 0.07, -0.02, 0.12, -0.44, -0.23, 0.06, -1.37, -6.07, 1.53, 1.57, -2.66, 4.16, 0.09, -3.21, 1.67, 92.79, 47.68, 183.84, 88.45, 3.16, 241.44, 126.98, 3.80, 351.84
52, 2017-11-9 14:18:33, -0.49, -0.55, -0.42, -0.02, -0.06, 0.04, -0.49, -0.04, 0.06, -0.31, -1.05, 1.12, 0.03, -1.28, 0.97, 0.17, -1.18, 0.74, 200.71, 193.04, 209.60, 237.99, 0.12, 355.52, 295.34, 286.52, 305.84
53, 2017-11-9 14:18:40, -0.49, -0.51, -0.47, 0.01, -0.02, 0.04, -0.49, -0.00, 0.06, -0.15, -0.40, 0.09, 0.79, 0.25, 1.46, 0.02, -0.33, 0.35, 195.23, 192.12, 197.64, 253.28, 218.44, 273.64, 292.77, 265.36, 306.76
54, 2017-11-9 14:18:47, -0.49, -0.51, -0.45, -0.01, -0.04, 0.01, -0.49, 0.00, 0.05, -0.24, -0.61, 0.16, 0.45, 0.14, 0.75, 0.10, -0.25, 0.64, 199.86, 196.72, 205.92, 280.59, 267.20, 299.40, 297.85, 287.44, 306.76
55, 2017-11-9 14:18:54, -0.49, -0.51, -0.46, 0.01, -0.02, 0.04, -0.49, -0.03, 0.07, -0.03, -0.50, 1.19, 0.42, -0.44, 0.77, -0.00, -0.51, 0.51, 208.33, 194.88, 215.12, 234.17, 218.44, 255.24, 277.38, 255.24, 317.80
56, 2017-11-9 14:19:1, -0.49, -0.51, -0.47, -0.02, -0.04, 0.00, -0.49, 0.00, 0.04, -0.26, -0.49, 0.18, 0.44, 0.08, 0.76, 0.06, -0.32, 0.38, 201.83, 197.64, 205.92, 297.95, 289.28, 305.84, 284.53, 275.48, 294.80
57, 2017-11-9 14:19:8, -0.49, -0.51, -0.46, -0.02, -0.06, 0.00, -0.49, -0.02, 0.02, -0.23, -0.59, 0.15, 0.43, 0.16, 0.81, 0.13, -0.86, 0.94, 190.71, 186.60, 197.64, 296.65, 285.60, 333.44, 308.17, 295.72, 318.72
58, 2017-11-9 14:19:15, -0.48, -0.55, -0.44, -0.03, -0.09, 0.04, -0.48, -0.06, 0.22, -0.73, -4.12, 1.52, 1.26, -0.53, 4.77, -0.02, -1.95, 1.33, 197.42, 171.88, 230.76, 277.77, 13.92, 353.68, 269.43, 135.64, 338.04
59, 2017-11-9 14:19:22, -0.46, -0.48, -0.43, 0.00, -0.01, 0.02, -0.46, -0.16, -0.13, -0.24, -0.34, -0.07, 0.53, 0.30, 0.71, 0.07, -0.21, 0.36, 78.21, 68.84, 81.72, 242.77, 235.92, 246.96, 83.17, 78.32, 91.20
60, 2017-11-9 14:19:29, -0.46, -0.52, -0.43, -0.01, -0.05, 0.02, -0.46, -0.16, -0.04, -0.66, -2.50, -0.09, 0.81, 0.41, 2.23, 0.10, -0.60, 0.88, 87.83, 72.52, 143.36, 254.73, 245.12, 273.64, 71.90, 9.32, 90.28
61, 2017-11-9 14:19:36, -0.49, -0.58, -0.43, -0.00, -0.04, 0.04, -0.49, 0.02, 0.09, -0.26, -1.07, 0.53, 0.53, -0.10, 1.27, -0.09, -0.87, 0.74, 204.00, 195.80, 210.52, 261.30, 232.24, 286.52, 258.13, 246.04, 274.56
62, 2017-11-9 14:19:43, -0.49, -0.50, -0.47, -0.06, -0.08, -0.05, -0.49, -0.01, 0.02, -0.29, -0.48, -0.16, 0.51, -0.02, 0.68, 0.11, -0.15, 0.30, 201.47, 198.56, 205.92, 312.49, 304.00, 317.80, 294.95, 289.28, 307.68
63, 2017-11-9 14:19:50, -0.49, -0.50, -0.48, -0.04, -0.05, -0.03, -0.49, 0.01, 0.05, -0.27, -0.41, -0.18, 0.58, 0.09, 0.91, 0.09, -0.05, 0.25, 209.25, 205.92, 213.28, 271.98, 265.36, 279.16, 265.30, 261.68, 275.48
64, 2017-11-9 14:19:57, -0.49, -0.50, -0.47, -0.05, -0.07, -0.03, -0.49, 0.02, 0.05, -0.29, -0.44, -0.08, 0.57, 0.29, 0.90, 0.13, -0.18, 0.52, 207.09, 203.16, 210.52, 265.86, 255.24, 274.56, 264.54, 258.92, 276.40
65, 2017-11-9 14:20:4, -0.49, -0.50, -0.47, -0.05, -0.07, -0.03, -0.49, 0.02, 0.06, -0.26, -0.42, -0.05, 0.55, 0.37, 0.75, 0.09, -0.14, 0.39, 207.85, 205.00, 213.28, 269.82, 258.00, 275.48, 265.99, 262.60, 276.40
66, 2017-11-9 14:20:11, -0.48, -0.53, -0.43, -0.09, -0.14, -0.02, -0.48, 0.03, 0.11, -0.17, -0.65, 0.67, 0.38, -0.11, 0.98, -0.03, -1.23, 1.19, 225.04, 216.04, 233.52, 282.79, 0.12, 359.20, 230.37, 212.92, 242.36
67, 2017-11-9 14:20:18, -0.48, -0.51, -0.44, -0.09, -0.13, -0.05, -0.48, -0.02, 0.06, -0.40, -1.32, 0.35, 0.51, -0.24, 1.31, 0.12, -0.79, 0.95, 204.93, 180.16, 214.20, 337.91, 319.64, 354.60, 271.29, 251.56, 291.12
68, 2017-11-9 14:20:25, -0.49, -0.56, -0.40, -0.06, -0.12, 0.00, -0.49, -0.06, 0.09, -0.23, -0.84, 0.51, 0.36, -0.95, 1.08, 0.04, -2.65, 1.15, 192.08, 184.76, 199.48, 300.34, 253.40, 322.40, 267.00, 250.64, 281.92
69, 2017-11-9 14:20:32, -0.48, -0.50, -0.44, -0.07, -0.09, 0.01, -0.48, -0.02, 0.05, -0.24, -0.51, 0.02, 0.54, 0.28, 0.80, 0.17, -0.59, 0.95, 206.41, 203.16, 210.52, 314.39, 304.00, 323.32, 240.72, 234.08, 252.48
70, 2017-11-9 14:20:39, -0.49, -0.53, -0.44, -0.05, -0.11, 0.02, -0.49, -0.03, 0.08, -0.30, -1.69, 0.53, 0.40, -0.45, 1.35, 0.36, -0.55, 1.77, 199.87, 187.52, 205.92, 298.43, 1.96, 357.36, 249.81, 226.72, 264.44
71, 2017-11-9 14:20:46, -0.48, -0.52, -0.44, -0.05, -0.07, -0.01, -0.48, -0.09, 0.04, 0.08, -0.80, 2.85, 0.25, -1.06, 1.00, 0.08, -0.97, 0.77, 172.05, 136.92, 186.60, 284.44, 271.80, 301.24, 281.74, 251.56, 335.28
72, 2017-11-9 14:20:53, -0.48, -0.54, -0.41, -0.06, -0.11, -0.00, -0.48, -0.07, 0.02, -0.27, -0.73, 0.37, 0.34, -0.83, 1.40, -0.08, -2.93, 1.30, 169.06, 162.68, 174.64, 284.44, 236.84, 333.44, 284.34, 270.88, 292.04
73, 2017-11-9 14:21:0, -0.47, -0.55, -0.39, -0.13, -0.22, -0.04, -0.47, -0.02, 0.11, -0.24, -1.30, 0.67, 0.79, -0.27, 2.30, 0.16, -2.96, 2.90, 201.23, 194.88, 210.52, 93.88, 2.88, 168.48, 272.64, 259.84, 282.84
74, 2017-11-9 14:21:7, -0.47, -0.71, -0.29, -0.07, -0.22, 0.02, -0.47, -0.08, 0.26, -0.63, -5.17, 4.10, -0.26, -3.56, 2.69, -0.39, -5.57, 3.40, 193.56, 138.76, 232.60, 208.66, 106.20, 283.76, 177.79, 107.12, 238.68
75, 2017-11-9 14:21:14, -0.47, -0.51, -0.32, -0.07, -0.15, -0.01, -0.47, 0.04, 0.19, -0.34, -3.25, 3.51, 0.24, -0.90, 1.17, 0.27, -1.52, 4.36, 189.15, 151.64, 216.96, 65.69, 38.12, 143.92, 122.85, 27.08, 180.72
76, 2017-11-9 14:21:21, -0.48, -0.54, -0.40, -0.06, -0.10, -0.02, -0.48, 0.00, 0.16, -0.18, -1.10, 0.90, 0.50, -0.57, 1.56, 0.11, -2.12, 1.14, 270.07, 258.36, 279.52, 19.82, -6.96, 46.40, 261.29, 245.12, 282.84
77, 2017-11-9 14:21:29, -0.47, -0.48, -0.45, -0.06, -0.07, -0.04, -0.47, 0.13, 0.17, -0.21, -0.53, 0.12, 0.57, 0.13, 0.89, 0.05, -0.36, 0.47, 257.07, 251.92, 264.80, 29.71, 20.64, 45.48, 207.61, 195.44, 223.04
78, 2017-11-9 14:21:36, -0.47, -0.53, -0.39, -0.05, -0.14, 0.01, -0.47, 0.07, 0.21, -0.38, -1.25, 0.79, 0.85, -0.12, 1.87, 0.21, -2.80, 2.10, 256.63, 228.92, 285.96, 50.58, 0.40, 120.92, 206.19, 183.48, 221.20
79, 2017-11-9 14:21:43, -0.47, -0.49, -0.45, -0.10, -0.13, -0.09, -0.47, 0.08, 0.13, -0.29, -0.51, -0.06, 0.62, 0.01, 1.21, 0.01, -0.56, 0.57, 273.96, 270.32, 279.52, 102.24, 91.48, 123.68, 214.95, 209.24, 226.72
80, 2017-11-9 14:21:50, -0.48, -0.53, -0.44, -0.08, -0.13, -0.05, -0.48, 0.04, 0.14, -0.34, -0.96, 0.53, 0.60, -0.45, 1.15, 0.01, -0.94, 0.92, 274.87, 270.32, 279.52, 62.93, 46.40, 99.76, 248.19, 236.84, 264.44
81, 2017-11-9 14:21:57, -0.48, -0.51, -0.43, -0.09, -0.11, -0.08, -0.48, 0.03, 0.10, -0.29, -0.86, 0.33, 0.20, -0.37, 0.43, 0.13, -0.71, 0.60, 277.38, 272.16, 284.12, 79.43, 51.92, 100.68, 260.97, 246.96, 278.24
82, 2017-11-9 14:22:4, -0.47, -0.56, -0.40, 0.01, -0.14, 0.10, -0.47, -0.00, 0.21, 0.35, -1.02, 2.52, -0.01, -1.92, 0.95, -0.44, -3.24, 1.18, 183.22, 130.48, 254.68, -34.74, -108.16, 83.20, 123.24, 75.84, 193.60
83, 2017-11-9 14:22:11, -0.47, -0.50, -0.43, -0.11, -0.14, -0.09, -0.47, 0.06, 0.11, -0.28, -0.91, 0.05, 0.81, 0.27, 1.22, 0.02, -1.18, 1.05, 246.17, 240.88, 250.08, 88.23, 66.64, 107.12, 152.73, 141.16, 164.16
84, 2017-11-9 14:22:18, -0.47, -0.50, -0.45, -0.07, -0.09, -0.05, -0.47, 0.09, 0.15, -0.35, -0.91, 0.22, 0.70, -0.02, 1.43, 0.09, -0.27, 0.50, 231.40, 226.16, 235.36, 47.36, 39.04, 53.76, 155.86, 147.60, 174.28
85, 2017-11-9 14:22:25, -0.47, -0.50, -0.45, -0.08, -0.11, -0.06, -0.47, 0.09, 0.15, -0.24, -0.58, 0.20, 0.55, 0.14, 1.12, 0.16, -0.16, 0.52, 237.52, 233.52, 241.80, 73.99, 61.12, 86.88, 185.53, 176.12, 197.28
86, 2017-11-9 14:22:32, -0.48, -0.51, -0.46, -0.06, -0.10, -0.02, -0.48, -0.04, 0.09, -0.06, -2.17, 1.10, 0.52, -0.08, 1.43, 0.00, -0.77, 0.78, 220.50, 202.24, 242.72, 50.64, 17.88, 94.24, 205.86, 164.16, 260.76
87, 2017-11-9 14:22:39, -0.48, -0.51, -0.43, -0.08, -0.10, -0.05, -0.48, 0.00, 0.12, -0.36, -0.86, 0.87, 0.78, -0.39, 1.22, 0.10, -0.74, 1.13, 258.28, 249.16, 264.80, 70.26, 49.16, 86.88, 227.52, 212.92, 237.76
88, 2017-11-9 14:22:46, -0.48, -0.55, -0.42, -0.10, -0.15, -0.06, -0.48, 0.00, 0.14, -0.30, -1.38, 0.26, 0.77, -0.23, 1.44, 0.13, -0.97, 0.75, 257.39, 254.68, 261.12, 105.83, 88.72, 124.60, 220.62, 212.00, 230.40
89, 2017-11-9 14:22:53, -0.47, -0.50, -0.46, -0.07, -0.09, -0.05, -0.47, 0.11, 0.16, -0.27, -0.82, 0.26, 0.60, 0.23, 1.26, 0.13, -0.24, 0.77, 234.52, 228.92, 243.64, 89.22, 78.60, 102.52, 169.20, 163.24, 177.96
90, 2017-11-9 14:23:0, -0.45, -0.52, -0.42, -0.03, -0.08, 0.02, -0.45, 0.09, 0.23, 0.05, -0.51, 1.66, -0.16, -1.75, 0.78, 0.22, -1.09, 1.40, 181.76, 166.36, 206.84, 71.47, 57.44, 89.64, 90.87, 67.56, 128.28
91, 2017-11-9 14:23:7, -0.47, -0.53, -0.38, -0.09, -0.12, -0.04, -0.47, 0.00, 0.20, -0.31, -1.92, 1.17, 0.54, -0.99, 2.11, 0.12, -1.42, 2.97, 242.72, 235.36, 251.00, 111.60, 82.28, 140.24, 194.67, 169.68, 226.72
92, 2017-11-9 14:23:14, -0.47, -0.57, -0.39, -0.12, -0.17, -0.02, -0.47, -0.05, 0.20, -0.44, -2.25, 0.53, 0.82, -3.56, 2.89, -0.03, -2.41, 2.04, 257.03, 248.24, 262.96, 295.16, 240.52, 326.08, 328.52, 295.72, 351.84
93, 2017-11-9 14:23:21, -0.47, -0.55, -0.43, -0.12, -0.16, -0.07, -0.47, 0.00, 0.13, -0.53, -1.37, 0.30, -0.22, -1.03, 1.03, 0.04, -2.67, 1.07, 264.36, 244.56, 282.28, 182.48, 157.72, 218.44, 255.89, 205.56, 301.24
94, 2017-11-9 14:23:28, -0.46, -0.50, -0.43, -0.14, -0.18, -0.12, -0.46, 0.02, 0.11, 0.18, -0.49, 1.25, 1.80, 0.39, 3.35, 0.03, -1.47, 1.65, 276.37, 252.84, 284.12, 233.63, 189.00, 290.20, 267.52, 4.72, 350.00
95, 2017-11-9 14:23:35, -0.46, -0.50, -0.41, -0.14, -0.17, -0.10, -0.46, 0.05, 0.18, -0.39, -0.99, 0.66, 0.84, -0.39, 2.76, -0.12, -1.60, 1.18, 186.72, 170.04, 216.96, 206.67, 141.80, 233.80, 249.93, 230.40, 297.56
96, 2017-11-9 14:23:42, -0.47, -0.64, -0.38, -0.09, -0.15, 0.00, -0.47, -0.05, 0.25, -0.72, -2.48, 2.64, -1.45, -3.20, 1.08, 0.34, -1.25, 2.85, 250.82, 231.68, 269.40, 151.95, 1.96, 319.64, 312.58, 2.88, 356.44
97, 2017-11-9 14:23:49, -0.48, -0.60, -0.39, -0.08, -0.12, -0.03, -0.48, 0.00, 0.20, -0.15, -1.01, 1.53, 0.70, -1.25, 1.66, 0.12, -1.81, 1.46, 288.81, 280.44, 297.92, 159.35, 121.84, 193.60, 261.33, 238.68, 284.68
98, 2017-11-9 14:23:56, -0.47, -0.86, -0.39, -0.09, -0.19, 0.06, -0.47, -0.09, 0.25, -0.37, -2.20, 2.03, -0.28, -3.83, 2.56, 0.48, -2.01, 3.17, 285.91, 251.92, 344.84, 147.29, 55.60, 198.20, 210.70, 62.96, 232.24
99, 2017-11-9 14:24:3, -0.48, -0.53, -0.36, -0.06, -0.10, -0.03, -0.48, -0.08, 0.04, -0.25, -1.33, 2.55, 1.21, 0.17, 4.76, -0.02, -0.89, 0.80, 187.12, 153.48, 251.00, 102.86, 70.32, 120.92, 24.12, -63.08, 53.76
100, 2017-11-9 14:24:10, -0.48, -0.53, -0.45, -0.06, -0.12, -0.02, -0.48, 0.03, 0.14, -0.21, -1.65, 1.36, 1.04, -1.47, 3.65, 0.21, -0.50, 1.15, 127.24, 109.32, 149.80, 107.33, 85.96, 172.44, -65.68, -91.60, -18.92
101, 2017-11-9 14:24:17, -0.48, -0.51, -0.46, -0.05, -0.07, -0.02, -0.48, 0.06, 0.12, -0.19, -0.51, 0.38, 0.51, 0.04, 0.82, 0.07, -0.37, 0.46, 123.84, 119.44, 127.72, 65.47, 51.92, 76.76, -47.51, -64.92, -31.80
102, 2017-11-9 14:24:24, -0.48, -0.59, -0.36, 0.01, -0.02, 0.04, -0.48, 0.06, 0.17, -0.30, -2.03, 1.93, -0.08, -3.19, 1.72, 0.24, -1.81, 2.56, 63.22, 32.04, 86.32, 90.42, 39.96, 131.96, -136.06, -165.20, -104.48
103, 2017-11-9 14:24:31, -0.49, -0.51, -0.46, 0.03, 0.02, 0.06, -0.49, 0.07, 0.12, -0.31, -0.63, 0.26, 0.42, 0.19, 0.63, 0.07, -0.27, 0.68, 78.50, 63.32, 81.72, -14.94, -38.24, 0.40, -57.24, -71.36, -48.36
104, 2017-11-9 14:24:39, -0.48, -0.56, -0.39, -0.05, -0.09, -0.01, -0.48, -0.04, 0.13, 0.01, -1.82, 2.34, 1.62, -0.17, 5.80, 0.08, -2.21, 1.83, 129.63, 102.88, 142.44, 109.54, 62.96, 171.52, 41.78, -48.36, 128.28
105, 2017-11-9 14:24:46, -0.48, -0.63, -0.42, -0.03, -0.09, 0.02, -0.48, -0.00, 0.25, -0.83, -4.58, 1.76, -0.22, -2.30, 2.85, 0.35, -0.88, 3.45, 69.56, 28.36, 139.68, 129.17, 91.48, 169.68, -68.02, -123.80, 60.20
106, 2017-11-9 14:24:53, -0.49, -0.53, -0.43, -0.02, -0.05, 0.00, -0.49, 0.02, 0.12, -0.16, -0.66, 0.60, 0.58, -1.18, 2.01, -0.03, -0.76, 0.85, 82.54, 68.84, 93.68, 145.58, 119.08, 184.40, -72.21, -86.08, -60.32
107, 2017-11-9 14:25:0, -0.48, -0.59, -0.39, 0.00, -0.05, 0.07, -0.48, 0.02, 0.16, -0.36, -1.93, 3.09, 0.34, -1.33, 2.74, -0.06, -2.11, 1.08, 65.87, 50.44, 76.20, 101.95, 64.80, 140.24, -97.05, -119.20, -75.04
108, 2017-11-9 14:25:7, -0.42, -0.45, -0.39, -0.08, -0.10, -0.04, -0.42, 0.20, 0.30, -0.58, -1.72, 0.42, 0.34, -0.30, 1.17, 0.17, -0.47, 0.73, 260.59, 226.44, 320.28, 240.18, 195.44, 258.00, -240.72, -261.80, -203.84
109, 2017-11-9 14:25:14, -0.40, -0.45, -0.34, -0.06, -0.11, 0.00, -0.40, 0.25, 0.41, -0.63, -1.44, 0.20, 0.23, -0.44, 0.68, -0.05, -0.60, 0.37, 204.82, 150.08, 258.64, 234.61, 170.60, 284.68, -262.32, -288.48, -233.28
110, 2017-11-9 14:25:21, -0.45, -0.53, -0.39, -0.13, -0.18, -0.08, -0.45, 0.09, 0.23, -0.14, -2.57, 2.13, 1.37, -1.00, 3.36, -0.08, -1.08, 1.22, 93.06, 4.44, 359.84, 206.61, 133.80, 244.20, -125.88, -193.72, -66.76
111, 2017-11-9 14:25:28, -0.46, -0.50, -0.41, 0.02, -0.00, 0.06, -0.46, 0.14, 0.24, -0.49, -2.37, 0.12, 0.48, -0.84, 1.47, 0.03, -1.22, 1.68, 327.68, 4.44, 347.88, 16.01, -17.08, 37.20, -172.50, -185.44, -134.84
112, 2017-11-9 14:25:35, -0.44, -0.49, -0.39, -0.03, -0.07, 0.00, -0.44, 0.19, 0.30, -0.10, -0.98, 0.46, 1.00, -0.19, 2.92, -0.21, -1.33, 0.58, 297.36, 274.28, 314.76, 212.06, 192.68, 243.28, -222.22, -234.20, -210.28
113, 2017-11-9 14:25:42, -0.46, -0.51, -0.41, -0.00, -0.03, 0.03, -0.46, 0.13, 0.22, -0.06, -1.01, 1.08, -0.49, -1.87, 0.79, 0.54, -0.36, 1.13, 332.62, 318.44, 347.88, 58.79, 14.20, 104.36, -164.49, -190.04, -131.16
114, 2017-11-9 14:25:49, -0.43, -0.50, -0.38, 0.00, -0.05, 0.06, -0.43, 0.13, 0.31, -0.93, -2.94, 0.12, 0.39, -0.62, 1.18, 0.03, -1.42, 1.96, 247.67, 181.36, 335.00, 104.89, 50.08, 170.60, -223.96, -277.44, -148.64
115, 2017-11-9 14:25:56, -0.47, -0.56, -0.44, -0.05, -0.13, 0.02, -0.47, 0.05, 0.21, 0.01, -1.90, 4.13, 0.90, -0.14, 3.74, -0.45, -2.50, 0.48, 171.42, 9.96, 354.32, 148.57, 105.28, 225.80, -130.79, -191.88, -52.04
116, 2017-11-9 14:26:3, -0.46, -0.48, -0.44, -0.09, -0.11, -0.08, -0.46, 0.14, 0.17, -0.27, -0.66, 0.24, 0.55, 0.27, 1.09, 0.13, -0.17, 0.42, 336.50, 330.40, 345.12, 213.02, 206.48, 221.20, -157.45, -163.36, -151.40
117, 2017-11-9 14:26:10, -0.48, -0.53, -0.43, -0.02, -0.08, 0.01, -0.48, 0.10, 0.21, -0.31, -1.26, 0.64, -0.27, -2.37, 2.43, 0.33, -0.75, 1.36, 337.00, 319.36, 347.88, 154.51, 109.88, 258.00, -150.87, -160.60, -144.04
118, 2017-11-9 14:26:17, -0.47, -0.52, -0.43, -0.12, -0.18, -0.01, -0.47, 0.06, 0.17, -0.35, -2.08, 1.05, 0.38, -1.58, 1.88, -0.36, -2.20, 0.73, 155.31, 89.08, 222.48, 197.17, 68.20, 274.28, -18.51, -44.68, 32.60
119, 2017-11-9 14:26:24, -0.46, -0.50, -0.41, -0.16, -0.22, -0.12, -0.46, 0.02, 0.09, -0.21, -0.69, 0.53, 0.53, -0.05, 1.23, 0.25, -0.49, 1.44, 32.21, 12.44, 50.16, 169.30, 152.84, 183.20, 88.86, 74.92, 103.44
120, 2017-11-9 14:26:31, -0.47, -0.49, -0.46, -0.13, -0.14, -0.12, -0.47, 0.04, 0.07, -0.15, -0.30, 0.01, 0.77, 0.64, 0.95, 0.12, -0.11, 0.30, 97.07, 88.80, 104.44, 133.70, 116.96, 144.56, 96.39, 88.72, 103.44
121, 2017-11-9 14:26:38, -0.48, -0.58, -0.32, -0.09, -0.17, 0.04, -0.48, -0.00, 0.10, -0.33, -2.29, 2.01, 0.56, -0.83, 2.34, 0.12, -2.22, 2.71, 119.57, 96.16, 130.20, 218.24, 2.88, 355.52, 84.07, 62.96, 98.84
122, 2017-11-9 14:26:45, -0.47, -0.76, -0.25, -0.15, -0.34, 0.04, -0.47, -0.10, 0.14, -0.32, -2.99, 2.09, 0.20, -5.22, 3.09, 0.38, -2.42, 3.12, 287.35, 232.60, 315.40, 116.79, 2.88, 359.20, 119.03, 85.04, 140.24
123, 2017-11-9 14:26:52, -0.48, -0.85, -0.33, -0.09, -0.17, -0.02, -0.48, 0.04, 0.20, 1.47, -1.60, 4.83, 5.95, 1.33, 11.67, -1.06, -5.05, 1.86, 74.18, 18.88, 126.52, 148.83, 2.88, 336.20, 209.71, 154.04, 292.96
124, 2017-11-9 14:26:59, -0.46, -0.52, -0.38, -0.12, -0.17, -0.05, -0.46, 0.07, 0.23, -0.26, -2.18, 1.43, 1.01, 0.21, 2.22, -0.02, -1.20, 1.52, 253.55, 231.96, 274.28, -25.10, -71.36, 6.84, 96.01, 79.52, 118.16
125, 2017-11-9 14:27:6, -0.44, -0.50, -0.37, -0.02, -0.08, 0.02, -0.44, 0.18, 0.32, -0.18, -2.86, 1.55, 1.55, -0.64, 3.87, -0.33, -1.67, 0.82, 236.59, 197.28, 287.44, -214.14, -240.64, -180.84, 139.44, 90.56, 166.00
126, 2017-11-9 14:27:13, -0.44, -0.55, -0.35, -0.13, -0.25, 0.00, -0.44, -0.01, 0.33, -0.11, -3.40, 3.50, 1.08, -1.26, 3.69, 0.20, -2.27, 2.91, 117.57, 86.60, 170.32, -243.65, -304.12, -173.48, 77.06, 34.44, 142.08
127, 2017-11-9 14:27:20, -0.49, -0.53, -0.44, -0.05, -0.11, -0.02, -0.49, -0.00, 0.13, -0.32, -1.14, 1.32, 0.52, 0.05, 0.90, 0.08, -0.14, 0.22, 245.76, 238.68, 260.76, -240.57, -251.40, -233.00, 245.65, 235.00, 257.08
128, 2017-11-9 14:27:27, -0.46, -0.59, -0.38, -0.11, -0.25, 0.00, -0.46, -0.07, 0.25, 0.28, -1.13, 2.17, 1.65, -0.32, 3.95, -0.56, -2.52, 1.21, 101.53, 8.12, 312.00, -204.97, -355.64, -1.16, 200.63, 9.32, 338.96
129, 2017-11-9 14:27:34, -0.47, -0.51, -0.39, -0.14, -0.21, -0.07, -0.47, -0.02, 0.11, 0.00, -1.01, 1.14, 0.90, -0.07, 1.69, 0.52, -0.53, 1.97, 313.13, 275.20, 349.72, -149.75, -358.40, -3.00, 146.32, 122.48, 164.80
130, 2017-11-9 14:27:41, -0.45, -0.53, -0.37, -0.15, -0.21, -0.09, -0.45, -0.18, 0.00, -0.50, -1.94, 2.26, 0.33, -0.71, 1.02, -0.09, -1.64, 0.91, 172.82, 3.24, 357.08, -98.48, -115.24, -75.68, 132.14, 16.68, 319.64
131, 2017-11-9 14:27:49, -0.41, -0.45, -0.38, -0.22, -0.24, -0.20, -0.41, -0.14, -0.09, -0.22, -0.55, 0.08, 0.48, 0.37, 0.62, 0.12, -0.15, 0.34, 59.26, 48.32, 72.24, -99.52, -108.80, -92.24, 237.42, 231.32, 241.44
132, 2017-11-9 14:27:56, -0.44, -0.49, -0.40, -0.16, -0.19, -0.15, -0.44, -0.11, -0.04, -0.22, -0.60, 0.20, 0.50, 0.03, 0.96, 0.05, -0.52, 0.75, 77.99, 63.96, 86.04, -107.17, -114.32, -93.16, 257.68, 246.96, 270.88
133, 2017-11-9 14:28:3, -0.48, -0.50, -0.46, -0.10, -0.12, -0.09, -0.48, -0.07, -0.02, -0.22, -0.52, 0.03, 0.52, 0.38, 0.67, 0.11, -0.03, 0.25, 86.02, 77.76, 91.56, -155.11, -171.36, -133.64, 267.39, 258.00, 281.92
134, 2017-11-9 14:28:10, -0.44, -0.50, -0.41, -0.17, -0.23, -0.13, -0.44, -0.13, -0.04, -0.12, -0.46, 0.46, 0.76, 0.45, 1.06, 0.17, -0.21, 0.45, 55.64, 43.72, 68.56, -131.90, -142.84, -116.16, 271.26, 265.36, 288.36
135, 2017-11-9 14:28:17, -0.45, -0.47, -0.43, -0.17, -0.19, -0.16, -0.45, -0.09, -0.04, -0.12, -0.34, 0.20, 1.07, 0.93, 1.17, 0.22, 0.08, 0.34, 73.09, 65.80, 83.28, -85.45, -95.92, -73.84, 141.71, 118.16, 163.24
136, 2017-11-9 14:28:24, -0.45, -0.48, -0.43, -0.13, -0.17, -0.10, -0.45, -0.14, -0.04, -0.24, -0.64, 0.21, 0.52, 0.29, 0.67, 0.10, -0.06, 0.35, 103.55, 95.24, 110.88, -115.05, -126.28, -97.76, 88.04, 81.36, 96.08
137, 2017-11-9 14:28:31, -0.45, -0.46, -0.43, -0.13, -0.16, -0.12, -0.45, -0.12, -0.07, -0.41, -0.66, -0.27, 0.19, 0.06, 0.38, -0.02, -0.14, 0.09, 97.87, 87.88, 104.44, -101.48, -114.32, -84.88, 104.95, 91.48, 120.92
138, 2017-11-9 14:28:38, -0.46, -0.50, -0.38, -0.15, -0.23, -0.05, -0.46, -0.11, 0.11, -0.69, -2.03, 0.86, -0.61, -2.99, 0.97, 0.17, -1.17, 1.55, 267.25, 247.04, 285.68, -263.22, -315.80, -186.08, 276.67, 266.28, 291.12
139, 2017-11-9 14:28:45, -0.46, -0.49, -0.43, -0.16, -0.20, -0.09, -0.46, -0.09, 0.05, -0.15, -1.51, 0.87, 0.59, -0.42, 2.90, 0.26, -0.53, 2.20, 196.38, 140.32, 214.84, -309.74, -357.20, -0.88, 253.41, 245.12, 267.20
140, 2017-11-9 14:28:52, -0.47, -0.49, -0.46, -0.12, -0.13, -0.09, -0.47, -0.04, 0.01, -0.27, -0.83, 0.18, 0.52, 0.22, 0.71, -0.01, -0.34, 0.18, 248.89, 228.92, 262.96, -349.79, -355.36, -341.56, 106.71, 95.16, 120.92
141, 2017-11-9 14:28:59, -0.47, -0.49, -0.46, -0.11, -0.13, -0.09, -0.47, -0.00, 0.03, -0.21, -0.50, -0.06, 0.53, 0.24, 0.67, 0.03, -0.39, 0.13, 270.31, 264.80, 275.84, -25.20, -29.40, -22.04, 140.29, 132.88, 148.52
142, 2017-11-9 14:29:6, -0.46, -0.52, -0.39, -0.15, -0.20, -0.10, -0.46, -0.08, 0.03, -0.22, -1.61, 0.89, 0.50, -0.35, 1.18, 0.12, -0.91, 1.24, 286.06, 273.08, 307.12, -26.09, -34.92, -9.16, 183.82, 174.28, 196.36
143, 2017-11-9 14:29:13, -0.47, -0.51, -0.45, -0.12, -0.13, -0.09, -0.47, -0.01, 0.07, -0.42, -1.16, 0.51, 0.41, -0.10, 0.68, 0.13, -0.18, 0.83, 280.23, 271.24, 289.64, -104.71, -129.68, -99.32, 145.59, 139.32, 156.80
144, 2017-11-9 14:29:20, -0.48, -0.50, -0.46, -0.10, -0.12, -0.09, -0.48, 0.03, 0.07, -0.19, -0.38, 0.14, 0.66, 0.60, 0.73, 0.09, -0.01, 0.20, 302.34, 298.84, 307.12, -129.34, -135.20, -124.16, 176.53, 167.84, 192.68
145, 2017-11-9 14:29:27, -0.47, -0.53, -0.43, -0.12, -0.19, -0.09, -0.47, -0.01, 0.10, -0.21, -1.23, 0.61, 0.61, 0.22, 0.97, 0.09, -0.24, 0.75, 317.82, 308.04, 323.68, -118.92, -126.00, -112.20, 200.58, 192.68, 214.76
146, 2017-11-9 14:29:34, -0.47, -0.53, -0.41, -0.12, -0.16, -0.09, -0.47, -0.02, 0.11, -0.21, -0.79, 0.30, 0.56, 0.26, 0.81, 0.11, -0.38, 0.46, 286.53, 281.36, 292.40, -88.38, -97.48, -73.56, 231.01, 222.12, 240.52
147, 2017-11-9 14:29:41, -0.47, -0.50, -0.44, -0.10, -0.13, -0.07, -0.47, 0.05, 0.11, -0.27, -0.78, 0.23, 0.56, 0.36, 0.72, 0.03, -0.23, 0.28, 310.30, 292.40, 324.60, -100.95, -109.44, -92.88, 224.78, 218.44, 235.92
148, 2017-11-9 14:29:48, -0.47, -0.49, -0.45, -0.12, -0.14, -0.11, -0.47, 0.00, 0.04, -0.23, -0.41, 0.01, 0.56, 0.47, 0.71, 0.08, -0.05, 0.20, 298.82, 295.16, 302.52, -91.23, -98.40, -83.68, 239.42, 234.08, 245.12
149, 2017-11-9 14:29:55, -0.47, -0.48, -0.45, -0.12, -0.14, -0.10, -0.47, 0.03, 0.07, -0.26, -0.55, 0.29, 0.55, 0.23, 0.77, 0.06, -0.26, 0.38, 312.25, 304.36, 321.84, -94.43, -102.08, -85.52, 237.29, 231.32, 243.28
150, 2017-11-9 14:30:2, -0.48, -0.63, -0.37, -0.09, -0.22, -0.05, -0.48, -0.07, 0.09, -0.21, -1.32, 0.66, 0.63, 0.25, 1.15, 0.14, -0.76, 0.97, 297.60, 289.64, 309.88, -96.95, -107.60, -86.44, 253.81, 244.20, 265.36
151, 2017-11-9 14:30:9, -0.48, -0.51, -0.45, -0.09, -0.12, -0.06, -0.48, -0.00, 0.08, -0.22, -1.18, 0.17, 0.50, 0.32, 0.67, 0.08, -0.30, 0.43, 287.04, 277.68, 297.00, -84.40, -91.04, -78.16, 265.15, 254.32, 279.16
152, 2017-11-9 14:30:16, -0.47, -0.50, -0.43, -0.10, -0.14, -0.06, -0.47, 0.02, 0.11, -0.28, -0.81, 0.43, 0.60, 0.38, 0.96, -0.01, -0.31, 0.45, 305.03, 289.64, 317.24, -92.42, -101.16, -70.80, 269.19, 260.76, 278.24
153, 2017-11-9 14:30:23, -0.47, -0.65, -0.37, -0.12, -0.21, -0.06, -0.47, -0.16, 0.08, -0.52, -2.49, 1.13, 0.23, -0.41, 1.32, -0.01, -0.98, 1.22, 306.11, 285.96, 330.12, -52.09, -64.36, -42.28, 207.47, 189.92, 229.48
154, 2017-11-9 14:30:30, -0.46, -0.51, -0.41, -0.15, -0.20, -0.12, -0.46, -0.06, 0.05, -0.23, -1.05, 1.05, 0.57, -0.50, 1.19, 0.09, -0.52, 0.63, 313.70, 304.36, 325.52, -67.43, -75.40, -56.08, 188.98, 177.04, 200.96
155, 2017-11-9 14:30:37, -0.46, -0.56, -0.35, -0.18, -0.23, -0.10, -0.46, -0.11, 0.04, -0.26, -1.49, 0.90, 0.76, 0.15, 1.26, 0.03, -0.79, 0.81, 305.31, 290.56, 329.20, -50.52, -57.00, -42.28, 221.48, 208.32, 235.00
156, 2017-11-9 14:30:45, -0.48, -0.50, -0.45, -0.11, -0.13, -0.06, -0.48, -0.04, 0.02, -0.22, -0.56, 0.08, 0.76, 0.61, 0.96, 0.06, -0.16, 0.30, 249.56, 242.72, 260.20, -63.72, -76.32, -46.88, 248.44, 239.60, 257.08
157, 2017-11-9 14:30:52, -0.47, -0.49, -0.45, -0.12, -0.14, -0.08, -0.47, -0.05, 0.02, -0.11, -0.63, 0.65, 0.91, 0.61, 1.28, 0.16, -0.24, 0.81, 150.38, 142.44, 163.60, -167.38, -187.92, -157.56, 310.66, 301.24, 329.76
158, 2017-11-9 14:30:59, -0.46, -0.50, -0.40, -0.14, -0.20, -0.09, -0.46, -0.04, 0.04, -0.21, -1.81, 0.58, 0.35, -0.65, 0.89, -0.11, -2.08, 1.16, 177.73, 167.28, 183.84, -140.70, -150.20, -133.64, 285.41, 275.48, 298.48
159, 2017-11-9 14:31:6, -0.46, -0.48, -0.44, -0.14, -0.17, -0.10, -0.46, -0.06, -0.02, -0.24, -0.93, 0.17, 0.58, 0.37, 1.29, 0.11, -0.44, 0.79, 154.55, 151.64, 157.16, -139.23, -143.76, -136.40, 295.40, 291.12, 305.84
160, 2017-11-9 14:31:13, -0.46, -0.47, -0.45, -0.13, -0.14, -0.12, -0.46, -0.08, -0.03, -0.22, -0.49, 0.07, 0.55, 0.43, 0.70, 0.10, -0.07, 0.33, 152.03, 135.08, 158.08, -138.04, -148.36, -133.64, 298.35, 292.96, 305.84
161, 2017-11-9 14:31:20, -0.46, -0.47, -0.44, -0.13, -0.15, -0.12, -0.46, -0.07, -0.04, -0.22, -0.61, 0.06, 0.54, 0.39, 0.69, 0.09, -0.17, 0.62, 154.41, 150.72, 160.84, -136.58, -141.00, -132.72, 294.77, 284.68, 304.92
162, 2017-11-9 14:31:27, -0.48, -0.50, -0.45, -0.10, -0.11, -0.08, -0.48, -0.06, -0.01, -0.24, -0.48, -0.05, 0.37, 0.29, 0.51, 0.07, -0.09, 0.20, 150.26, 143.36, 157.16, -186.95, -202.64, -178.72, 312.28, 306.76, 321.48
163, 2017-11-9 14:31:34, -0.46, -0.50, -0.43, -0.16, -0.18, -0.12, -0.46, -0.06, 0.02, -0.11, -0.45, 0.67, 1.08, 0.82, 1.36, 0.15, -0.12, 0.60, 166.52, 148.88, 172.80, -164.95, -178.72, -145.60, 291.44, 276.40, 308.60
164, 2017-11-9 14:31:41, -0.47, -0.48, -0.46, -0.12, -0.13, -0.10, -0.47, -0.02, 0.02, -0.16, -0.60, 0.51, 0.60, 0.01, 0.77, 0.09, -0.40, 0.37, 177.80, 174.64, 181.08, -130.10, -134.56, -126.28, 197.11, 193.60, 203.72
165, 2017-11-9 14:31:48, -0.47, -0.49, -0.46, -0.11, -0.12, -0.09, -0.47, -0.02, 0.02, -0.14, -0.26, 0.00, 0.72, 0.66, 0.89, 0.13, 0.06, 0.25, 181.52, 176.48, 186.60, -137.41, -144.68, -131.80, 159.63, 149.44, 168.76
166, 2017-11-9 14:31:55, -0.48, -0.53, -0.41, -0.10, -0.21, -0.03, -0.48, -0.03, 0.12, -0.22, -2.56, 1.60, -0.21, -1.11, 0.40, 0.23, -1.74, 3.28, 228.51, 205.92, 250.08, -171.61, -193.44, -148.36, 289.96, 265.36, 304.92
167, 2017-11-9 14:32:2, -0.46, -0.51, -0.38, -0.14, -0.19, -0.08, -0.46, -0.08, 0.05, -0.23, -1.09, 0.66, 0.50, 0.04, 0.90, 0.09, -0.60, 1.07, 172.61, 161.76, 182.00, -178.09, -198.96, -167.68, 311.82, 294.80, 322.40
168, 2017-11-9 14:32:9, -0.47, -0.54, -0.38, -0.12, -0.19, -0.06, -0.47, -0.04, 0.07, -0.17, -0.84, 0.62, 0.56, 0.06, 1.01, 0.11, -0.73, 0.69, 183.99, 174.64, 199.48, -171.31, -184.24, -160.32, 295.65, 286.52, 315.04
169, 2017-11-9 14:32:16, -0.48, -0.59, -0.39, -0.09, -0.15, -0.04, -0.48, -0.05, 0.12, -0.13, -1.61, 0.75, 0.55, -0.05, 0.98, -0.13, -0.95, 0.58, 185.58, 167.28, 198.56, -193.09, -201.72, -180.56, 309.27, 293.88, 325.16
170, 2017-11-9 14:32:23, -0.47, -0.54, -0.39, -0.12, -0.17, -0.08, -0.47, -0.06, 0.02, -0.26, -0.96, 0.31, 0.56, 0.36, 0.83, 0.08, -0.46, 0.63, 178.65, 164.52, 190.28, -184.79, -188.84, -182.40, 330.22, 325.16, 338.96
171, 2017-11-9 14:32:30, -0.46, -0.51, -0.43, -0.14, -0.17, -0.11, -0.46, -0.05, 0.03, -0.14, -0.85, 0.43, 0.56, 0.09, 0.90, 0.10, -0.55, 0.43, 175.17, 151.64, 192.12, -157.44, -192.52, -76.60, 278.05, 257.08, 325.16
172, 2017-11-9 14:32:37, -0.48, -0.53, -0.41, -0.15, -0.20, -0.11, -0.48, 0.00, 0.14, 0.11, -1.03, 1.09, 1.80, 1.43, 2.40, 0.22, -0.79, 1.02, 157.95, 151.64, 163.60, -149.92, -175.04, -135.48, 267.42, 234.08, 312.28
173, 2017-11-9 14:32:44, -0.48, -0.51, -0.44, -0.09, -0.12, -0.05, -0.48, -0.05, 0.04, -0.32, -1.48, 0.38, 0.50, 0.27, 0.87, -0.01, -0.60, 0.45, 214.05, 208.68, 222.48, -170.09, -176.88, -163.08, 125.17, 117.24, 134.72
174, 2017-11-9 14:32:51, -0.47, -0.50, -0.42, -0.13, -0.15, -0.11, -0.47, -0.02, 0.03, -0.23, -0.45, 0.15, 0.60, 0.46, 0.71, 0.04, -0.20, 0.43, 204.00, 198.56, 210.52, -168.61, -173.20, -164.92, 120.09, 114.48, 135.64
175, 2017-11-9 14:32:58, -0.47, -0.50, -0.42, -0.13, -0.16, -0.11, -0.47, -0.04, 0.03, -0.13, -0.56, 0.32, 0.51, 0.37, 0.61, 0.08, -0.24, 0.40, 201.81, 189.36, 209.60, -165.86, -175.04, -154.80, 123.53, 116.32, 133.80
176, 2017-11-9 14:33:5, -0.46, -0.48, -0.43, -0.15, -0.18, -0.12, -0.46, -0.04, 0.05, -0.15, -0.87, 0.57, 0.58, 0.33, 0.78, 0.11, -0.47, 0.68, 201.04, 189.36, 209.60, -153.36, -159.40, -148.36, 138.72, 131.04, 150.36
177, 2017-11-9 14:33:12, -0.46, -0.48, -0.44, -0.17, -0.20, -0.13, -0.46, 0.00, 0.05, -0.07, -0.66, 0.58, 1.08, 0.85, 1.35, 0.17, -0.15, 0.58, 237.11, 226.16, 248.24, -266.07, -291.88, -239.44, 66.22, 55.60, 77.68
178, 2017-11-9 14:33:19, -0.46, -0.50, -0.44, -0.11, -0.16, -0.07, -0.46, -0.09, 0.00, -0.22, -0.96, 0.41, 0.61, 0.27, 0.87, 0.06, -0.48, 0.57, 284.34, 275.84, 293.32, -27.88, -35.84, -22.96, 71.13, 64.80, 78.60
179, 2017-11-9 14:33:27, -0.47, -0.50, -0.44, -0.12, -0.13, -0.09, -0.47, -0.04, 0.01, -0.18, -0.52, 0.15, 0.54, 0.37, 0.65, 0.12, -0.20, 0.30, 236.18, 230.76, 242.72, -28.17, -34.92, -22.04, 93.26, 88.72, 100.68
180, 2017-11-9 14:33:34, -0.47, -0.49, -0.46, -0.12, -0.13, -0.09, -0.47, -0.02, 0.02, -0.20, -0.47, -0.04, 0.54, 0.48, 0.59, 0.08, -0.07, 0.20, 241.80, 237.20, 245.48, -29.29, -38.60, -16.52, 91.00, 85.96, 97.92
181, 2017-11-9 14:33:41, -0.48, -0.48, -0.47, -0.09, -0.10, -0.09, -0.48, 0.03, 0.05, -0.20, -0.28, -0.15, 0.54, 0.51, 0.56, 0.08, 0.05, 0.13, 245.32, 239.96, 250.08, -36.25, -40.44, -33.08, 87.89, 84.12, 97.92
182, 2017-11-9 14:33:48, -0.48, -0.49, -0.47, -0.09, -0.11, -0.08, -0.48, 0.03, 0.06, -0.21, -0.45, -0.05, 0.54, 0.46, 0.63, 0.08, -0.09, 0.21, 245.30, 241.80, 248.24, -48.11, -54.24, -42.28, 99.12, 96.08, 105.28
183, 2017-11-9 14:33:55, -0.47, -0.50, -0.41, -0.11, -0.14, -0.09, -0.47, -0.05, 0.09, -0.15, -1.65, 1.04, 0.43, -0.23, 0.79, -0.01, -0.88, 0.61, 71.54, 59.64, 84.48, -322.76, -330.52, -315.80, 229.02, 213.84, 259.84
184, 2017-11-9 14:34:2, -0.46, -0.49, -0.44, -0.15, -0.17, -0.12, -0.46, -0.05, 0.02, -0.22, -0.54, 0.20, 0.55, 0.38, 0.75, 0.12, -0.13, 0.37, 51.50, 43.08, 56.88, -313.76, -318.56, -306.60, 226.48, 220.28, 235.92
185, 2017-11-9 14:34:9, -0.47, -0.52, -0.41, -0.11, -0.14, -0.08, -0.47, 0.02, 0.10, -0.16, -0.71, 0.50, 0.53, 0.34, 0.72, 0.07, -0.32, 0.53, 35.18, 29.28, 40.32, -318.67, -333.28, -310.28, 201.23, 193.60, 213.84
186, 2017-11-9 14:34:16, -0.47, -0.51, -0.44, -0.11, -0.14, -0.07, -0.47, -0.02, 0.04, -0.16, -0.71, 0.41, 0.47, 0.22, 0.70, 0.10, -0.26, 0.55, 42.29, 33.88, 52.28, -300.63, -312.12, -290.04, 209.15, 201.88, 220.28
187, 2017-11-9 14:34:23, -0.46, -0.53, -0.37, -0.14, -0.18, -0.09, -0.46, -0.03, 0.09, -0.22, -0.71, 0.75, 0.54, 0.26, 0.74, 0.06, -0.48, 0.65, 32.45, 25.60, 36.64, -289.89, -297.40, -279.00, 207.90, 201.88, 223.04
188, 2017-11-9 14:34:30, -0.46, -0.53, -0.37, -0.13, -0.18, -0.09, -0.46, -0.04, 0.12, -0.17, -1.48, 0.81, 0.54, 0.12, 0.92, 0.10, -0.63, 0.67, 42.11, 36.64, 50.44, -295.67, -305.68, -284.52, 215.08, 206.48, 226.72
189, 2017-11-9 14:34:37, -0.46, -0.60, -0.34, -0.14, -0.20, -0.09, -0.46, -0.09, 0.11, -0.13, -1.63, 1.76, 0.51, 0.22, 0.83, 0.13, -0.73, 1.06, 36.36, 29.28, 43.08, -288.43, -296.48, -271.64, 222.19, 214.76, 236.84
190, 2017-11-9 14:34:44, -0.47, -0.51, -0.43, -0.13, -0.18, -0.09, -0.47, -0.02, 0.05, -0.37, -0.96, 0.17, 0.54, 0.38, 0.68, -0.01, -0.45, 0.47, 26.90, 20.08, 33.88, -293.01, -302.00, -286.36, 210.08, 200.96, 219.36
191, 2017-11-9 14:34:51, -0.47, -0.51, -0.41, -0.12, -0.18, -0.09, -0.47, -0.03, 0.04, -0.25, -1.11, 0.30, 0.55, 0.30, 0.85, 0.05, -0.60, 0.52, 15.79, 9.96, 22.84, -300.06, -303.84, -293.72, 197.87, 192.68, 206.48
192, 2017-11-9 14:34:58, -0.47, -0.51, -0.43, -0.12, -0.15, -0.07, -0.47, -0.03, 0.07, -0.16, -1.31, 0.66, 0.49, -0.06, 0.87, 0.05, -0.56, 0.86, 123.22, 0.76, 359.84, -306.90, -319.48, -294.64, 182.49, 169.68, 195.44
193, 2017-11-9 14:35:5, -0.47, -0.50, -0.43, -0.12, -0.14, -0.09, -0.47, -0.01, 0.04, -0.14, -0.54, 0.31, 0.52, 0.35, 0.66, 0.12, -0.15, 0.49, 49.43, 0.76, 359.84, -300.54, -307.52, -291.88, 184.24, 176.12, 197.28
194, 2017-11-9 14:35:12, -0.45, -0.50, -0.40, -0.16, -0.18, -0.11, -0.45, -0.08, 0.02, -0.18, -0.78, 0.30, 0.55, 0.23, 0.68, 0.07, -0.45, 0.50, 25.71, 3.52, 359.84, -291.83, -299.24, -283.60, 202.78, 190.84, 215.68
195, 2017-11-9 14:35:19, -0.46, -0.50, -0.43, -0.14, -0.17, -0.09, -0.46, -0.04, 0.07, -0.20, -0.90, 0.39, 0.55, 0.20, 1.08, 0.02, -0.55, 0.46, 13.88, 5.36, 21.92, -276.72, -290.96, -241.28, 191.60, 174.28, 201.88
196, 2017-11-9 14:35:26, -0.47, -0.48, -0.44, -0.12, -0.15, -0.10, -0.47, -0.04, 0.00, -0.22, -0.52, 0.08, 0.55, 0.38, 0.73, 0.08, -0.22, 0.39, 14.38, 11.80, 19.16, -256.37, -260.60, -252.32, 188.30, 184.40, 195.44
197, 2017-11-9 14:35:33, -0.48, -0.50, -0.45, -0.10, -0.12, -0.08, -0.48, -0.03, 0.04, -0.22, -0.55, 0.18, 0.53, 0.24, 0.75, 0.06, -0.32, 0.44, 9.39, 4.44, 17.32, -273.60, -297.40, -260.60, 183.53, 175.20, 195.44
198, 2017-11-9 14:35:40, -0.48, -0.50, -0.45, -0.11, -0.14, -0.09, -0.48, -0.01, 0.04, -0.17, -0.67, 0.09, 0.52, 0.39, 0.75, 0.09, -0.38, 0.36, 18.99, 12.72, 25.60, -283.05, -288.20, -277.16, 189.98, 176.12, 203.72
199, 2017-11-9 14:35:47, -0.46, -0.50, -0.43, -0.13, -0.18, -0.10, -0.46, 0.00, 0.07, -0.28, -0.88, 0.31, 0.59, 0.43, 0.80, -0.03, -0.54, 0.48, 13.51, 4.44, 25.60, -273.49, -280.84, -267.04, 185.12, 173.36, 194.52
200, 2017-11-9 14:35:54, -0.46, -0.51, -0.40, -0.13, -0.17, -0.07, -0.46, -0.03, 0.05, -0.04, -0.69, 0.61, 0.52, 0.29, 0.73, 0.16, -0.56, 0.87, 9.89, 1.68, 16.40, -270.15, -279.00, -263.36, 191.69, 183.48, 200.04
201, 2017-11-9 14:36:1, -0.46, -0.50, -0.41, -0.12, -0.16, -0.07, -0.46, -0.09, -0.02, -0.09, -0.63, 0.65, 0.53, 0.16, 1.00, 0.09, -0.40, 0.64, 19.32, 11.80, 28.36, -266.54, -273.48, -260.60, 207.78, 195.44, 222.12
202, 2017-11-9 14:36:8, -0.45, -0.49, -0.41, -0.16, -0.20, -0.12, -0.45, -0.09, -0.03, -0.15, -0.56, 0.24, 0.52, 0.34, 0.76, 0.09, -0.48, 0.72, 21.35, 17.32, 25.60, -249.77, -256.00, -241.28, 208.60, 203.72, 219.36
203, 2017-11-9 14:36:16, -0.44, -0.48, -0.37, -0.17, -0.27, -0.10, -0.44, -0.15, -0.03, -0.12, -0.73, 0.67, 0.57, 0.09, 1.04, 0.10, -0.76, 1.45, 28.31, 9.96, 359.84, -244.13, -268.88, -230.24, 209.85, -9.72, 225.80
204, 2017-11-9 14:36:23, -0.44, -0.46, -0.42, -0.13, -0.15, -0.10, -0.44, -0.15, -0.09, -0.08, -0.52, 0.46, 0.53, 0.24, 0.72, 0.14, -0.45, 0.59, 35.59, 24.68, 39.40, -228.82, -236.68, -221.96, 220.92, 212.00, 233.16
205, 2017-11-9 14:36:30, -0.45, -0.46, -0.44, -0.14, -0.16, -0.12, -0.45, -0.09, -0.05, -0.15, -0.48, 0.08, 0.51, 0.34, 0.61, 0.01, -0.26, 0.21, 55.22, 46.76, 64.24, -305.53, -313.04, -298.32, 214.77, -15.24, 223.04
206, 2017-11-9 14:36:37, -0.47, -0.49, -0.46, -0.11, -0.12, -0.09, -0.47, -0.04, 0.01, -0.19, -0.37, 0.09, 0.50, 0.44, 0.55, 0.04, -0.08, 0.25, 54.61, 49.52, 62.40, -324.71, -336.04, -306.60, 214.30, -11.56, 223.96
207, 2017-11-9 14:36:44, -0.43, -0.46, -0.41, -0.16, -0.19, -0.13, -0.43, -0.15, -0.07, -0.19, -0.83, 0.59, 0.53, 0.28, 0.76, 0.05, -0.39, 0.80, 41.75, 32.96, 48.60, -316.33, -322.24, -310.28, 221.32, 212.92, 227.64
208, 2017-11-9 14:36:51, -0.44, -0.46, -0.43, -0.18, -0.21, -0.15, -0.44, -0.09, -0.02, -0.17, -0.60, 0.27, 0.56, 0.11, 0.95, -0.05, -0.70, 0.37, 63.02, 50.44, 72.52, -292.69, -305.68, -283.60, 207.20, 198.20, 214.76
209, 2017-11-9 14:36:58, -0.43, -0.45, -0.42, -0.19, -0.20, -0.18, -0.43, -0.07, -0.03, -0.19, -0.30, -0.09, 0.54, 0.49, 0.60, 0.07, -0.02, 0.21, 73.85, 71.60, 78.04, -281.15, -287.28, -270.72, 216.60, 213.84, 223.96
210, 2017-11-9 14:37:5, -0.43, -0.45, -0.42, -0.20, -0.23, -0.18, -0.43, -0.05, -0.01, -0.19, -0.82, 0.00, 0.54, 0.44, 0.80, 0.04, -0.52, 0.29, 58.78, 54.12, 63.32, -284.39, -292.80, -279.92, 208.99, -18.00, 221.20
211, 2017-11-9 14:37:12, -0.43, -0.44, -0.43, -0.20, -0.21, -0.19, -0.43, -0.05, -0.02, -0.17, -0.30, 0.00, 0.53, 0.48, 0.60, 0.09, -0.00, 0.28, 62.99, 58.72, 67.00, -281.79, -285.44, -278.08, 209.05, 205.56, 219.36
212, 2017-11-9 14:37:19, -0.44, -0.46, -0.42, -0.18, -0.23, -0.14, -0.44, -0.09, -0.02, -0.23, -0.80, 0.18, 0.56, 0.18, 0.93, 0.08, -0.49, 0.57, 56.88, 52.28, 62.40, -284.08, -287.28, -280.84, 196.10, 191.76, 203.72
213, 2017-11-9 14:37:26, -0.45, -0.50, -0.36, -0.18, -0.22, -0.13, -0.45, -0.04, 0.06, -0.17, -0.86, 0.94, 0.60, 0.33, 0.87, 0.06, -0.62, 1.01, 60.55, 48.60, 68.84, -277.31, -287.28, -267.96, 215.46, 207.40, 224.88
214, 2017-11-9 14:37:33, -0.46, -0.52, -0.38, -0.13, -0.20, -0.11, -0.46, -0.11, 0.02, -0.18, -0.89, 0.38, 0.54, 0.36, 0.91, 0.03, -0.46, 0.67, 27.63, 22.84, 34.80, -295.47, -310.28, -289.12, 203.72, 198.20, 213.84
215, 2017-11-9 14:37:40, -0.45, -0.55, -0.39, -0.18, -0.26, -0.12, -0.45, -0.13, 0.04, -0.30, -1.20, 0.71, 0.61, 0.07, 1.09, -0.03, -1.05, 1.45, 40.35, 31.12, 50.44, -288.60, -295.56, -279.00, 213.48, 205.56, 226.72
216, 2017-11-9 14:37:47, -0.44, -0.83, -0.21, -0.17, -0.36, -0.04, -0.44, -0.37, 0.14, -0.24, -3.74, 2.74, 0.58, -0.30, 2.11, 0.15, -2.47, 3.82, 22.03, 6.28, 43.08, -293.22, -306.60, -271.64, 218.72, 206.48, 231.32
217, 2017-11-9 14:37:54, -0.45, -0.50, -0.41, -0.16, -0.19, -0.13, -0.45, -0.06, 0.01, -0.13, -0.52, 0.33, 0.53, 0.17, 0.73, 0.06, -0.34, 0.49, 24.10, 17.32, 38.48, -296.82, -306.60, -291.88, 216.40, 210.16, 225.80
218, 2017-11-9 14:38:1, -0.43, -0.48, -0.40, -0.17, -0.21, -0.14, -0.43, -0.14, -0.05, -0.12, -0.72, 0.27, 0.53, 0.37, 0.73, 0.09, -0.50, 0.46, 31.46, 27.44, 38.48, -286.36, -293.72, -279.00, 228.51, 218.44, 236.84
219, 2017-11-9 14:38:8, -0.43, -0.46, -0.40, -0.19, -0.22, -0.16, -0.43, -0.11, -0.05, -0.13, -0.49, 0.13, 0.53, 0.40, 0.73, 0.06, -0.26, 0.29, 10.20, 0.76, 23.76, -274.66, -283.60, -267.04, 225.45, 219.36, 235.00
220, 2017-11-9 14:38:15, -0.44, -0.46, -0.43, -0.17, -0.19, -0.13, -0.44, -0.08, -0.04, -0.27, -0.92, -0.06, 0.56, 0.35, 0.95, 0.01, -0.58, 0.22, 26.90, 21.92, 30.20, -252.74, -277.16, -237.60, 208.35, 200.96, 220.28
221, 2017-11-9 14:38:22, -0.45, -0.47, -0.43, -0.16, -0.19, -0.14, -0.45, -0.07, -0.02, -0.15, -0.30, 0.06, 0.51, 0.35, 0.64, 0.13, -0.06, 0.48, 38.86, 9.96, 351.56, -266.22, -325.00, -247.72, 205.22, 195.44, 258.92
222, 2017-11-9 14:38:29, -0.45, -0.50, -0.41, -0.16, -0.21, -0.10, -0.45, -0.09, 0.06, 0.01, -0.76, 1.10, 0.51, -0.14, 1.06, 0.09, -0.93, 1.45, 38.23, 24.68, 57.80, -263.87, -276.24, -240.36, 213.46, 200.04, 235.00
223, 2017-11-9 14:38:36, -0.44, -0.49, -0.39, -0.16, -0.23, -0.11, -0.44, -0.12, -0.03, -0.17, -0.76, 0.82, 0.53, 0.07, 0.83, 0.07, -0.68, 1.31, 31.88, 22.84, 40.32, -266.42, -270.72, -261.52, 225.34, 208.32, 235.92
224, 2017-11-9 14:38:43, -0.43, -0.79, -0.10, -0.17, -0.38, -0.07, -0.43, -0.32, 0.00, -0.08, -2.59, 1.63, 0.50, 0.28, 1.43, 0.06, -2.21, 0.78, 35.53, 22.84, 44.92, -265.09, -271.64, -256.00, 232.19, 224.88, 247.88
225, 2017-11-9 14:38:50, -0.46, -0.53, -0.37, -0.13, -0.18, -0.09, -0.46, -0.07, 0.05, -0.17, -1.05, 0.65, 0.46, -0.15, 0.98, 0.04, -0.74, 0.71, 172.75, 0.76, 358.92, -309.36, -318.56, -301.08, 223.16, 213.84, 234.08
226, 2017-11-9 14:38:58, -0.46, -0.61, -0.28, -0.13, -0.21, -0.03, -0.46, -0.25, 0.02, -0.15, -1.73, 1.84, 0.52, -0.40, 1.53, 0.01, -1.80, 2.10, 85.76, 1.68, 358.92, -302.51, -320.40, -285.44, 232.92, 221.20, 244.20
227, 2017-11-9 14:39:5, -0.44, -0.51, -0.29, -0.19, -0.25, -0.14, -0.44, -0.16, 0.02, -0.17, -1.14, 0.96, 0.60, 0.25, 1.25, 0.16, -0.52, 2.18, 37.14, 28.36, 47.68, -280.61, -295.56, -265.20, 229.61, 214.76, 244.20
228, 2017-11-9 14:39:12, -0.45, -0.48, -0.43, -0.16, -0.21, -0.14, -0.45, -0.06, 0.02, -0.24, -0.60, 0.77, 0.59, 0.33, 0.96, 0.04, -0.53, 0.73, 45.06, 0.76, 359.84, -261.99, -268.88, -255.08, 186.34, 180.72, 196.36
229, 2017-11-9 14:39:19, -0.43, -0.46, -0.39, -0.18, -0.22, -0.12, -0.43, -0.15, -0.07, -0.17, -1.22, 0.98, 0.60, 0.11, 1.61, 0.11, -0.72, 1.54, 347.71, 335.92, 354.32, -268.21, -275.32, -253.24, 222.22, 206.48, 238.68
230, 2017-11-9 14:39:26, -0.44, -0.58, -0.31, -0.14, -0.19, -0.10, -0.44, -0.18, -0.02, -0.28, -2.96, 1.40, 0.69, -0.47, 2.30, -0.01, -2.45, 1.05, 232.68, 0.76, 359.84, -243.50, -256.00, -212.76, 222.58, 207.40, 251.56
231, 2017-11-9 14:39:33, -0.47, -0.49, -0.44, -0.13, -0.14, -0.12, -0.47, -0.07, -0.00, -0.18, -0.42, 0.14, 0.48, 0.33, 0.66, 0.09, -0.24, 0.37, 82.14, 0.76, 359.84, -237.48, -246.80, -229.32, 221.91, 215.68, 231.32
232, 2017-11-9 14:39:40, -0.46, -0.48, -0.43, -0.14, -0.17, -0.12, -0.46, -0.08, -0.02, -0.18, -0.45, 0.18, 0.52, 0.37, 0.69, 0.07, -0.18, 0.35, 277.61, 0.76, 358.92, -241.18, -253.24, -231.16, 226.82, 217.52, 243.28
233, 2017-11-9 14:39:47, -0.45, -0.59, -0.28, -0.14, -0.21, -0.08, -0.45, -0.24, 0.05, -0.16, -1.65, 1.29, 0.54, -0.15, 1.13, 0.12, -1.66, 1.80, 242.66, 0.76, 359.84, -250.98, -269.80, -241.28, 232.75, 218.44, 255.24
234, 2017-11-9 14:39:54, -0.45, -0.51, -0.38, -0.16, -0.20, -0.08, -0.45, -0.11, 0.01, -0.14, -0.97, 0.69, 0.62, 0.22, 0.99, 0.18, -0.53, 1.01, 229.64, 0.76, 359.84, -252.13, -266.12, -241.28, 221.10, 190.84, 236.84
235, 2017-11-9 14:40:1, -0.46, -0.49, -0.41, -0.14, -0.17, -0.10, -0.46, -0.07, 0.01, -0.24, -0.81, 0.14, 0.56, 0.22, 1.16, 0.07, -0.41, 0.75, 333.71, 324.88, 348.80, -257.43, -271.64, -249.56, 214.93, 202.80, 225.80
236, 2017-11-9 14:40:8, -0.45, -0.50, -0.39, -0.13, -0.16, -0.09, -0.45, -0.15, -0.00, -0.08, -0.86, 0.67, 0.52, -0.10, 0.96, 0.09, -0.74, 0.96, 337.92, 326.72, 348.80, -253.44, -261.52, -240.36, 229.40, 219.36, 240.52
237, 2017-11-9 14:40:15, -0.44, -0.50, -0.37, -0.15, -0.23, -0.12, -0.44, -0.12, 0.00, -0.24, -1.24, 0.57, 0.61, 0.06, 1.26, 0.03, -1.76, 1.20, 343.90, 331.32, 351.56, -253.08, -262.44, -244.04, 235.24, 225.80, 245.12
238, 2017-11-9 14:40:22, -0.45, -0.49, -0.41, -0.16, -0.19, -0.11, -0.45, -0.14, -0.03, -0.19, -0.65, 0.53, 0.54, 0.23, 0.86, 0.02, -0.62, 0.50, 339.66, 332.24, 346.96, -242.33, -249.56, -237.60, 233.28, 228.56, 243.28
239, 2017-11-9 14:40:29, -0.46, -0.56, -0.39, -0.15, -0.20, -0.09, -0.46, -0.12, 0.05, -0.26, -0.83, 0.49, 0.60, 0.26, 0.99, 0.11, -0.91, 0.95, 326.14, 319.36, 335.00, -260.13, -269.80, -249.56, 227.27, 218.44, 238.68
240, 2017-11-9 14:40:36, -0.46, -0.50, -0.39, -0.11, -0.16, -0.07, -0.46, -0.11, 0.01, -0.26, -1.19, 0.30, 0.25, -0.05, 0.57, 0.01, -0.74, 0.71, 322.57, 312.00, 335.00, -227.51, -246.80, -212.76, 217.12, 208.32, 228.56
241, 2017-11-9 14:40:43, -0.44, -0.48, -0.41, -0.17, -0.20, -0.14, -0.44, -0.12, -0.04, -0.24, -0.81, 0.25, 0.48, 0.23, 0.69, 0.07, -0.22, 0.53, 294.19, 277.96, 300.04, -195.97, -204.48, -190.68, 227.78, 216.60, 242.36
242, 2017-11-9 14:40:50, -0.46, -0.54, -0.36, -0.15, -0.24, -0.07, -0.46, -0.11, 0.04, 0.21, -1.36, 2.34, 1.26, 0.12, 2.42, 0.30, -1.13, 3.26, 281.43, 235.64, 318.44, -29.36, -67.12, -12.84, 243.28, 1.04, 359.20
243, 2017-11-9 14:40:57, -0.46, -0.58, -0.36, -0.13, -0.21, -0.10, -0.46, -0.21, 0.04, -0.19, -2.38, 1.46, 0.52, 0.13, 1.21, 0.13, -0.98, 1.70, 318.64, 301.88, 337.76, -13.35, -22.96, -0.88, 26.97, 5.64, 45.20
244, 2017-11-9 14:41:4, -0.44, -0.49, -0.40, -0.17, -0.21, -0.14, -0.44, -0.15, -0.04, -0.21, -1.05, 0.66, 0.60, 0.29, 1.15, 0.00, -0.77, 0.76, 322.22, 310.16, 352.48, -298.91, -359.04, -0.88, 43.12, 30.48, 59.00
245, 2017-11-9 14:41:11, -0.46, -0.48, -0.44, -0.13, -0.15, -0.12, -0.46, -0.05, -0.02, -0.14, -0.41, 0.03, 0.52, 0.41, 0.70, 0.02, -0.20, 0.22, 330.63, 326.72, 335.00, -6.12, -14.68, -1.80, 47.72, 39.68, 54.40
246, 2017-11-9 14:41:18, -0.45, -0.48, -0.43, -0.15, -0.18, -0.13, -0.45, -0.08, -0.02, -0.18, -0.68, 0.56, 0.53, 0.30, 0.87, 0.06, -0.33, 0.92, 340.83, 332.24, 346.04, -195.62, -359.96, -0.88, 48.52, 41.52, 60.84
247, 2017-11-9 14:41:25, -0.47, -0.56, -0.35, -0.13, -0.19, -0.07, -0.47, -0.11, 0.07, -0.18, -2.36, 1.38, 0.56, 0.14, 0.98, 0.02, -1.28, 1.54, 312.37, 299.12, 335.92, -222.11, -357.20, -1.80, 26.52, 2.88, 47.96
248, 2017-11-9 14:41:32, -0.46, -0.49, -0.43, -0.14, -0.18, -0.11, -0.46, -0.09, -0.02, -0.20, -0.66, 0.16, 0.53, 0.30, 0.68, 0.00, -0.29, 0.32, 295.51, 282.56, 303.72, -335.37, -359.04, -4.56, 52.23, 45.20, 59.92
249, 2017-11-9 14:41:39, -0.44, -0.50, -0.37, -0.17, -0.21, -0.13, -0.44, -0.15, 0.02, -0.40, -1.69, 1.40, 0.65, 0.28, 1.20, 0.10, -0.74, 1.12, 289.51, 277.04, 303.72, -326.13, -335.12, -311.20, 37.07, 19.44, 46.12
250, 2017-11-9 14:41:47, -0.48, -0.51, -0.44, -0.10, -0.14, -0.04, -0.48, -0.03, 0.07, -0.20, -0.90, 0.32, 0.44, 0.05, 0.64, 0.04, -0.61, 0.74, 285.28, 276.12, 294.52, -340.20, -353.52, -331.44, 31.65, 20.36, 38.76
251, 2017-11-9 14:41:54, -0.46, -0.55, -0.37, -0.13, -0.20, -0.07, -0.46, -0.10, 0.11, -0.17, -2.20, 1.43, 0.58, -0.15, 1.25, 0.18, -1.05, 1.91, 278.14, 265.08, 299.12, -221.14, -235.76, -199.88, 199.17, 187.16, 210.16
252, 2017-11-9 14:42:1, -0.45, -0.50, -0.40, -0.15, -0.19, -0.11, -0.45, -0.12, -0.05, -0.11, -0.86, 0.41, 0.51, 0.13, 0.85, 0.16, -0.58, 0.94, 249.40, 243.00, 254.96, -212.90, -220.12, -204.48, 229.21, 221.20, 238.68
253, 2017-11-9 14:42:8, -0.46, -0.53, -0.38, -0.11, -0.14, -0.05, -0.46, -0.14, 0.00, -0.08, -1.15, 0.99, 0.50, -0.07, 1.09, 0.12, -0.78, 1.35, 247.69, 237.48, 265.08, -181.11, -187.92, -171.36, 208.90, 197.28, 215.68
254, 2017-11-9 14:42:15, -0.47, -0.51, -0.43, -0.08, -0.11, -0.05, -0.47, -0.08, 0.04, -0.09, -0.91, 0.55, 0.48, 0.31, 0.83, 0.10, -0.60, 0.79, 237.34, 232.88, 243.92, -212.35, -221.96, -201.72, 218.26, 207.40, 242.36
255, 2017-11-9 14:42:22, -0.47, -0.51, -0.44, -0.12, -0.14, -0.09, -0.47, -0.05, 0.03, -0.23, -0.83, 0.48, 0.52, 0.29, 0.94, 0.06, -0.51, 0.60, 233.73, 223.68, 243.00, -203.05, -213.68, -187.00, 198.55, 185.32, 210.16
256, 2017-11-9 14:42:29, -0.45, -0.53, -0.37, -0.17, -0.24, -0.10, -0.45, -0.18, 0.05, -0.13, -0.99, 2.55, 0.36, -1.65, 1.51, 0.01, -2.75, 2.03, 211.99, 206.20, 231.04, -205.78, -218.28, -179.64, 216.52, 203.72, 228.56
257, 2017-11-9 14:42:36, -0.44, -0.49, -0.41, -0.13, -0.18, -0.07, -0.44, -0.14, -0.03, -0.17, -2.01, 0.72, 0.47, -0.22, 0.86, -0.06, -0.88, 0.75, 241.27, 204.36, 253.12, -186.91, -202.64, -172.28, 218.66, 208.32, 224.88
258, 2017-11-9 14:42:43, -0.46, -0.50, -0.42, -0.10, -0.16, -0.04, -0.46, -0.13, -0.01, -0.39, -1.35, 0.67, -0.17, -0.81, 0.90, -0.09, -1.26, 0.60, 234.78, 218.16, 252.20, -205.52, -228.40, -162.16, 228.48, 218.44, 242.36
259, 2017-11-9 14:42:50, -0.45, -0.51, -0.37, -0.15, -0.27, -0.05, -0.45, -0.11, 0.07, -0.22, -1.43, 0.92, 0.65, 0.12, 1.19, 0.04, -1.55, 1.88, 117.00, 96.72, 129.84, -47.91, -72.92, -34.28, 169.14, 0.12, 359.20
260, 2017-11-9 14:42:57, -0.45, -0.50, -0.38, -0.15, -0.19, -0.11, -0.45, -0.13, 0.00, -0.21, -1.19, 0.54, 0.50, 0.13, 0.76, 0.02, -0.76, 0.70, 81.37, 71.88, 94.88, -31.53, -44.40, -19.56, 337.95, 3.80, 359.20
261, 2017-11-9 14:43:4, -0.44, -0.45, -0.41, -0.16, -0.18, -0.14, -0.44, -0.11, -0.05, -0.17, -0.61, 0.21, 0.52, 0.28, 0.69, 0.10, -0.17, 0.51, 97.17, 78.32, 105.00, -23.12, -28.76, -14.96, 339.78, 327.92, 346.32
262, 2017-11-9 14:43:11, -0.46, -0.47, -0.45, -0.12, -0.12, -0.11, -0.46, -0.07, -0.03, -0.15, -0.31, -0.00, 0.52, 0.42, 0.59, 0.06, -0.11, 0.20, 94.26, 91.20, 97.64, -22.28, -26.00, -8.52, 343.17, 338.04, 350.00
263, 2017-11-9 14:43:18, -0.46, -0.48, -0.43, -0.12, -0.16, -0.11, -0.46, -0.12, 0.00, -0.30, -1.76, 0.26, 0.50, 0.02, 0.89, -0.03, -0.36, 0.30, 95.48, 91.20, 101.32, -23.05, -46.24, -13.12, 341.69, 338.04, 345.40
264, 2017-11-9 14:43:25, -0.46, -0.47, -0.45, -0.12, -0.13, -0.11, -0.46, -0.09, -0.05, -0.10, -0.28, 0.07, 0.53, 0.46, 0.66, 0.10, -0.02, 0.23, 93.68, 91.20, 96.72, -20.66, -25.08, -17.72, 341.38, 338.04, 352.76
265, 2017-11-9 14:43:32, -0.46, -0.47, -0.45, -0.10, -0.11, -0.09, -0.46, -0.09, -0.07, -0.17, -0.23, -0.10, 0.53, 0.48, 0.57, 0.08, -0.02, 0.15, 90.54, 86.60, 94.88, -16.42, -22.32, -3.00, 345.77, 340.80, 354.60
266, 2017-11-9 14:43:39, -0.48, -0.50, -0.46, -0.07, -0.10, -0.05, -0.48, -0.04, 0.01, -0.19, -0.45, 0.02, 0.59, 0.42, 0.75, 0.05, -0.25, 0.34, 92.21, 81.08, 96.72, -24.30, -30.60, -18.64, 339.35, 333.44, 349.08
267, 2017-11-9 14:43:46, -0.45, -0.53, -0.37, -0.12, -0.20, -0.06, -0.45, -0.19, -0.02, -0.17, -1.58, 1.07, 0.54, -0.05, 1.18, 0.10, -1.04, 1.29, 87.12, 76.48, 101.32, -30.23, -46.24, -15.88, 42.92, 1.04, 359.20
268, 2017-11-9 14:43:53, -0.46, -0.48, -0.43, -0.15, -0.20, -0.12, -0.46, -0.05, -0.01, -0.16, -1.36, 0.36, 0.57, 0.20, 0.93, 0.16, -1.03, 0.83, 74.27, 70.96, 79.24, -48.10, -51.76, -40.72, 29.61, 0.12, 359.20
269, 2017-11-9 14:44:1, -0.46, -0.47, -0.44, -0.12, -0.15, -0.09, -0.46, -0.09, -0.02, -0.17, -0.72, 0.19, 0.49, 0.22, 0.66, 0.06, -0.68, 0.64, 45.56, 41.52, 48.88, -334.29, -340.00, -329.88, 7.47, 0.12, 14.84
270, 2017-11-9 14:44:8, -0.46, -0.47, -0.44, -0.13, -0.14, -0.12, -0.46, -0.07, -0.04, -0.18, -0.45, 0.11, 0.53, 0.45, 0.68, 0.07, -0.04, 0.24, 49.80, 47.04, 52.56, -331.09, -337.24, -326.20, 4.79, 0.12, 13.92
271, 2017-11-9 14:44:15, -0.46, -0.47, -0.44, -0.12, -0.14, -0.10, -0.46, -0.10, -0.04, -0.16, -0.48, 0.71, 0.53, 0.38, 0.66, 0.08, -0.21, 0.45, 46.79, 35.08, 63.60, -333.33, -339.08, -328.96, 12.22, 9.32, 24.04
272, 2017-11-9 14:44:22, -0.46, -0.47, -0.44, -0.13, -0.14, -0.11, -0.46, -0.08, -0.04, -0.14, -0.33, 0.04, 0.53, 0.37, 0.68, 0.08, -0.16, 0.34, 42.61, 36.92, 47.04, -333.60, -340.00, -328.96, 12.12, 7.48, 21.28
273, 2017-11-9 14:44:29, -0.48, -0.49, -0.46, -0.10, -0.12, -0.07, -0.48, -0.03, 0.02, -0.19, -0.57, 0.09, 0.36, 0.21, 0.68, 0.05, -0.13, 0.22, 47.83, 41.52, 54.40, -31.42, -357.48, -0.24, 26.28, 13.00, 37.84
274, 2017-11-9 14:44:36, -0.46, -0.53, -0.36, -0.12, -0.19, -0.07, -0.46, -0.15, 0.00, -0.18, -0.91, 0.64, 0.47, 0.16, 0.79, 0.00, -0.99, 0.75, 42.00, 36.00, 47.04, -25.49, -35.20, -14.96, 18.82, 8.40, 31.40
275, 2017-11-9 14:44:43, -0.45, -0.48, -0.44, -0.15, -0.17, -0.12, -0.45, -0.11, -0.02, -0.15, -0.61, 0.47, 0.53, 0.33, 0.68, 0.07, -0.29, 0.37, 55.59, 48.88, 61.76, -217.28, -359.32, -0.24, 43.35, 38.76, 56.24
276, 2017-11-9 14:44:50, -0.48, -0.51, -0.43, -0.12, -0.18, -0.05, -0.48, -0.02, 0.08, -0.79, -1.47, -0.05, -0.50, -1.38, 0.54, -0.08, -1.40, 0.88, 104.52, 78.32, 140.88, -170.30, -356.56, -0.24, 107.20, 53.48, 162.04
277, 2017-11-9 14:44:57, -0.45, -0.51, -0.38, -0.17, -0.25, -0.11, -0.45, 0.00, 0.19, -0.17, -2.07, 1.25, 0.63, -1.34, 2.14, 0.14, -1.63, 1.68, 179.12, 151.92, 220.00, -135.12, -174.12, -116.16, 208.94, 174.92, 228.28
278, 2017-11-9 14:45:4, -0.46, -0.52, -0.41, -0.15, -0.19, -0.12, -0.46, -0.02, 0.08, -0.15, -0.62, 0.35, 0.50, 0.22, 0.73, 0.02, -0.29, 0.43, 126.10, 116.96, 139.04, -112.90, -121.68, -102.36, 207.29, 195.16, 220.92
279, 2017-11-9 14:45:11, -0.47, -0.50, -0.43, -0.13, -0.15, -0.09, -0.47, -0.01, 0.08, -0.19, -0.83, 0.75, 0.56, 0.31, 0.83, 0.11, -0.41, 0.59, 95.51, 82.92, 102.24, -121.26, -127.20, -113.40, 195.54, 188.72, 204.36
280, 2017-11-9 14:45:18, -0.46, -0.50, -0.43, -0.14, -0.17, -0.12, -0.46, -0.08, 0.01, -0.24, -0.82, 0.29, 0.48, 0.25, 0.66, 0.02, -0.39, 0.34, 99.71, 88.44, 115.12, -108.29, -121.68, -101.44, 200.22, 191.48, 209.88
281, 2017-11-9 14:45:25, -0.46, -0.49, -0.42, -0.15, -0.18, -0.12, -0.46, -0.07, 0.02, -0.14, -0.71, 0.30, 0.50, 0.31, 0.68, 0.08, -0.32, 0.45, 110.43, 93.04, 116.96, -111.42, -118.92, -106.04, 201.73, 194.24, 213.56
282, 2017-11-9 14:45:32, -0.47, -0.48, -0.46, -0.12, -0.12, -0.11, -0.47, 0.01, 0.04, -0.17, -0.56, -0.02, 0.54, 0.48, 0.72, 0.06, -0.20, 0.14, 116.41, 110.52, 120.64, -118.71, -122.60, -114.32, 195.38, 191.48, 204.36
283, 2017-11-9 14:45:39, -0.47, -0.49, -0.45, -0.12, -0.13, -0.08, -0.47, -0.02, 0.04, -0.16, -0.75, 0.37, 0.52, 0.29, 0.72, 0.06, -0.16, 0.36, 108.95, 105.00, 113.28, -117.30, -122.60, -111.56, 194.88, 191.48, 202.52
284, 2017-11-9 14:45:46, -0.47, -0.48, -0.46, -0.12, -0.12, -0.11, -0.47, -0.00, 0.01, -0.18, -0.36, -0.10, 0.53, 0.45, 0.60, 0.07, 0.00, 0.11, 101.72, 87.52, 106.84, -117.14, -119.84, -113.40, 194.72, 190.56, 206.20
285, 2017-11-9 14:45:53, -0.47, -0.48, -0.46, -0.12, -0.12, -0.11, -0.47, -0.01, 0.02, -0.15, -0.31, 0.17, 0.53, 0.40, 0.57, 0.08, 0.03, 0.18, 103.08, 89.36, 108.68, -116.77, -120.76, -112.48, 194.46, 190.56, 202.52
286, 2017-11-9 14:46:0, -0.47, -0.48, -0.46, -0.11, -0.12, -0.10, -0.47, -0.02, 0.01, -0.16, -0.34, -0.04, 0.53, 0.44, 0.64, 0.07, -0.09, 0.22, 87.28, 72.80, 90.28, -112.36, -129.96, -96.84, 194.87, 189.64, 203.44
287, 2017-11-9 14:46:7, -0.47, -0.48, -0.46, -0.11, -0.12, -0.09, -0.47, -0.03, 0.01, -0.17, -0.28, -0.01, 0.53, 0.40, 0.65, 0.07, -0.02, 0.18, 84.61, 80.16, 87.52, -114.48, -118.92, -109.72, 192.76, 186.88, 200.68
288, 2017-11-9 14:46:14, -0.47, -0.49, -0.46, -0.10, -0.12, -0.05, -0.47, -0.05, 0.02, -0.15, -0.40, 0.36, 0.52, 0.33, 0.64, 0.10, -0.27, 0.67, 53.63, 48.88, 58.08, -93.73, -109.72, -85.80, 213.94, 203.44, 222.76
289, 2017-11-9 14:46:21, -0.47, -0.53, -0.41, -0.10, -0.15, -0.05, -0.47, -0.06, 0.05, -0.16, -0.86, 0.61, 0.74, 0.50, 1.09, 0.17, -0.67, 1.01, 27.20, 15.76, 37.84, -57.40, -76.60, -34.28, 192.49, 182.28, 201.60
290, 2017-11-9 14:46:28, -0.44, -0.46, -0.41, -0.15, -0.19, -0.13, -0.44, -0.16, -0.07, -0.18, -0.55, 0.25, 0.53, -0.13, 0.96, 0.06, -0.38, 0.73, 36.05, 23.12, 46.12, -27.02, -42.56, -17.72, 192.41, 185.04, 198.84
291, 2017-11-9 14:46:35, -0.46, -0.47, -0.45, -0.13, -0.13, -0.12, -0.46, -0.07, -0.04, -0.16, -0.21, -0.13, 0.53, 0.51, 0.54, 0.08, 0.04, 0.13, 45.63, 41.52, 54.40, -31.42, -35.20, -28.76, 172.90, 167.56, 183.20
292, 2017-11-9 14:46:43, -0.47, -0.48, -0.45, -0.10, -0.12, -0.07, -0.47, -0.06, -0.01, -0.17, -0.45, 0.02, 0.52, 0.40, 0.67, 0.12, 0.02, 0.36, 37.27, 29.56, 41.52, -34.89, -48.08, -28.76, 171.88, 164.80, 183.20
293, 2017-11-9 14:46:50, -0.48, -0.50, -0.44, -0.09, -0.12, -0.07, -0.48, -0.07, 0.00, -0.26, -0.66, 0.21, 0.56, 0.45, 0.69, 0.01, -0.37, 0.39, 20.40, 0.12, 356.44, -38.11, -45.32, -26.00, 173.05, 165.72, 182.28
294, 2017-11-9 14:46:57, -0.46, -0.52, -0.37, -0.10, -0.16, -0.06, -0.46, -0.19, 0.05, -0.14, -0.83, 0.63, 0.49, 0.22, 0.92, 0.07, -1.09, 1.10, 53.51, 0.12, 359.20, -24.62, -44.40, -9.44, 172.52, 155.60, 182.28
295, 2017-11-9 14:47:4, -0.46, -0.48, -0.43, -0.13, -0.16, -0.09, -0.46, -0.09, -0.04, -0.15, -0.46, 0.25, 0.53, 0.32, 0.68, 0.04, -0.21, 0.53, 29.64, 1.04, 353.68, -33.46, -358.40, -9.44, 180.85, 173.08, 191.48
296, 2017-11-9 14:47:11, -0.43, -0.45, -0.42, -0.17, -0.19, -0.15, -0.43, -0.13, -0.08, -0.14, -0.31, 0.02, 0.51, 0.45, 0.55, 0.07, -0.10, 0.19, 29.31, 11.16, 358.28, -13.84, -21.40, -4.84, 182.94, 168.48, 195.16
297, 2017-11-9 14:47:18, -0.46, -0.48, -0.45, -0.13, -0.14, -0.11, -0.46, -0.05, -0.01, -0.21, -0.36, -0.11, 0.53, 0.48, 0.57, 0.08, 0.01, 0.15, 20.99, 14.84, 27.72, -125.19, -359.32, -1.16, 172.39, 166.64, 183.20
298, 2017-11-9 14:47:25, -0.47, -0.50, -0.45, -0.13, -0.14, -0.09, -0.47, -0.04, 0.01, -0.16, -0.34, 0.20, 0.56, 0.49, 0.64, -0.05, -0.75, 0.38, 318.55, 309.52, 326.08, -35.98, -43.48, -28.76, 196.66, 192.40, 205.28
299, 2017-11-9 14:47:32, -0.45, -0.48, -0.42, -0.15, -0.18, -0.12, -0.45, -0.07, -0.01, -0.19, -0.50, 0.10, 0.54, 0.45, 0.62, 0.06, -0.27, 0.25, 308.04, 301.24, 315.96, -25.49, -33.36, -19.56, 201.90, 197.00, 208.04
300, 2017-11-9 14:47:39, -0.43, -0.90, -0.31, -0.20, -0.34, -0.11, -0.43, -0.42, 0.16, -0.01, -2.54, 4.90, 0.73, -2.17, 3.12, 0.18, -2.72, 3.11, 185.80, 2.88, 355.52, -161.58, -356.56, -8.52, 168.74, 111.44, 228.28
301, 2017-11-9 14:47:46, -0.41, -0.47, -0.30, -0.23, -0.30, -0.16, -0.41, -0.12, -0.03, -0.22, -1.51, 1.03, 0.56, 0.16, 1.02, 0.07, -0.59, 0.60, 346.80, 325.16, 357.36, -90.20, -96.84, -82.12, 144.45, 135.36, 153.76
302, 2017-11-9 14:47:53, -0.45, -0.46, -0.43, -0.16, -0.19, -0.14, -0.45, -0.10, -0.01, -0.16, -0.73, 1.48, 0.54, 0.37, 0.80, 0.10, -0.22, 0.80, 342.00, 337.12, 348.16, -77.37, -82.12, -72.00, 119.56, 116.04, 127.08
303, 2017-11-9 14:48:0, -0.45, -0.46, -0.44, -0.17, -0.18, -0.15, -0.45, -0.05, 0.00, -0.21, -0.87, 0.25, 0.54, 0.33, 0.68, 0.08, -0.15, 0.35, 346.86, 342.64, 352.76, -79.54, -84.88, -73.84, 122.13, 116.96, 131.68
304, 2017-11-9 14:48:7, -0.47, -0.49, -0.44, -0.13, -0.15, -0.11, -0.47, -0.05, 0.04, -0.18, -0.56, 0.44, 0.50, 0.20, 0.76, 0.07, -0.25, 0.37, 346.84, 338.96, 357.36, -115.33, -120.76, -108.80, 135.10, 128.00, 148.24
305, 2017-11-9 14:48:14, -0.45, -0.53, -0.30, -0.15, -0.18, -0.12, -0.45, -0.07, 0.07, -0.05, -1.01, 0.75, 0.43, -0.10, 0.88, 0.11, -0.39, 0.63, 339.74, 330.68, 348.16, -93.56, -102.36, -84.88, 147.07, 139.04, 161.12
306, 2017-11-9 14:48:21, -0.43, -0.47, -0.41, -0.20, -0.25, -0.16, -0.43, -0.07, 0.01, -0.22, -0.72, 0.15, 0.53, 0.37, 0.63, 0.13, -0.11, 0.36, 343.61, 0.12, 358.28, -90.43, -101.44, -83.96, 151.88, 143.64, 160.20
307, 2017-11-9 14:48:28, -0.45, -0.48, -0.42, -0.17, -0.20, -0.14, -0.45, -0.07, 0.00, -0.12, -0.61, 0.20, 0.55, 0.21, 0.81, 0.09, -0.38, 0.60, 343.48, 336.20, 352.76, -85.60, -97.76, -76.60, 149.63, 140.88, 158.36
308, 2017-11-9 14:48:35, -0.45, -0.48, -0.44, -0.16, -0.19, -0.13, -0.45, -0.05, 0.04, -0.20, -1.33, 0.53, 0.56, 0.01, 1.37, 0.03, -0.51, 0.51, 348.78, 336.20, 358.28, -50.96, -59.12, -45.32, 129.92, 123.40, 136.28
309, 2017-11-9 14:48:42, -0.45, -0.46, -0.45, -0.16, -0.17, -0.15, -0.45, -0.03, -0.00, -0.15, -0.23, -0.05, 0.53, 0.44, 0.59, 0.07, 0.01, 0.13, 344.22, 340.80, 348.16, -40.48, -44.40, -32.44, 134.88, 129.84, 140.88
310, 2017-11-9 14:48:49, -0.46, -0.47, -0.44, -0.15, -0.17, -0.13, -0.46, -0.03, 0.01, -0.16, -0.34, -0.03, 0.51, 0.46, 0.59, 0.09, 0.02, 0.20, 346.51, 343.56, 350.00, -42.72, -47.16, -35.20, 135.02, 129.84, 141.80
311, 2017-11-9 14:48:56, -0.47, -0.55, -0.39, -0.13, -0.20, -0.09, -0.47, -0.01, 0.08, -0.16, -1.84, 0.79, 0.59, 0.22, 1.10, 0.03, -1.01, 0.63, 187.52, 0.12, 359.20, -80.77, -87.64, -71.08, 154.07, 150.08, 166.64
312, 2017-11-9 14:49:3, -0.46, -0.53, -0.39, -0.15, -0.18, -0.11, -0.46, -0.06, 0.02, -0.14, -0.90, 0.31, 0.52, 0.09, 0.78, 0.11, -0.40, 0.62, 341.74, 334.36, 353.68, -70.21, -78.44, -64.64, 154.71, 149.16, 164.80
313, 2017-11-9 14:49:10, -0.45, -0.54, -0.34, -0.16, -0.24, -0.11, -0.45, -0.09, 0.04, -0.22, -1.58, 0.66, 0.57, 0.30, 1.00, 0.04, -0.90, 0.60, 337.02, 328.84, 352.76, -66.20, -76.60, -54.52, 153.60, 146.40, 171.24
314, 2017-11-9 14:49:17, -0.44, -0.46, -0.42, -0.18, -0.20, -0.17, -0.44, -0.08, -0.04, -0.23, -0.53, 0.13, 0.57, 0.41, 0.74, 0.05, -0.09, 0.15, 343.71, 329.76, 354.60, -63.22, -72.92, -54.52, 155.73, 151.00, 167.56
315, 2017-11-9 14:49:25, -0.47, -0.55, -0.41, -0.11, -0.18, -0.08, -0.47, -0.02, 0.06, -0.15, -1.05, 0.34, 0.54, 0.34, 0.73, 0.05, -0.46, 0.33, 342.90, 333.44, 349.08, -72.81, -82.12, -59.12, 145.03, 139.04, 151.00
316, 2017-11-9 14:49:32, -0.44, -0.48, -0.39, -0.18, -0.23, -0.14, -0.44, -0.09, 0.03, -0.03, -0.67, 0.62, 0.53, 0.23, 0.88, 0.11, -0.31, 0.72, 341.39, 327.00, 347.24, -51.38, -59.12, -43.48, 147.60, 139.96, 153.76
317, 2017-11-9 14:49:39, -0.45, -0.58, -0.35, -0.16, -0.20, -0.11, -0.45, -0.18, 0.06, -0.03, -2.66, 1.71, 0.45, -0.18, 1.23, 0.16, -0.44, 1.39, 340.30, 308.60, 351.84, -93.88, -355.64, -2.08, 135.08, 114.20, 151.00
318, 2017-11-9 14:49:46, -0.46, -0.49, -0.43, -0.14, -0.16, -0.10, -0.46, -0.09, -0.00, -0.20, -0.53, 0.00, 0.50, 0.30, 0.83, 0.06, -0.10, 0.25, 309.44, 294.80, 315.96, -295.42, -359.32, -1.16, 115.00, 109.60, 119.72
319, 2017-11-9 14:49:53, -0.47, -0.54, -0.37, -0.13, -0.20, -0.07, -0.47, -0.15, 0.00, -0.15, -0.72, 0.31, 0.55, 0.34, 0.95, 0.16, -0.37, 1.64, 317.41, 311.36, 327.00, -30.51, -43.48, -16.80, 128.69, 115.12, 151.92
320, 2017-11-9 14:50:0, -0.45, -0.48, -0.43, -0.13, -0.16, -0.12, -0.45, -0.12, -0.05, -0.17, -1.16, 0.31, 0.50, 0.25, 0.75, 0.11, -0.21, 0.39, 301.25, 286.52, 316.88, -30.82, -41.64, -20.48, 126.81, 118.80, 134.44
321, 2017-11-9 14:50:7, -0.45, -0.61, -0.26, -0.14, -0.25, -0.05, -0.45, -0.23, 0.05, -0.14, -2.28, 2.19, 0.56, -0.31, 1.38, 0.14, -1.09, 1.93, 330.04, 321.48, 348.16, -28.51, -35.20, -14.96, 137.89, 130.76, 144.56
322, 2017-11-9 14:50:14, -0.44, -0.49, -0.41, -0.17, -0.21, -0.13, -0.44, -0.09, 0.01, -0.21, -0.75, 0.34, 0.53, 0.25, 0.80, 0.08, -0.35, 0.44, 345.20, 338.96, 350.92, -27.22, -39.80, -18.64, 134.94, 128.00, 140.88
323, 2017-11-9 14:50:21, -0.44, -0.50, -0.41, -0.16, -0.20, -0.09, -0.44, -0.11, 0.01, -0.18, -0.71, 0.11, 0.49, 0.21, 0.70, 0.07, -0.42, 0.33, 324.15, 314.12, 332.52, -27.72, -41.64, -3.00, 128.64, 105.92, 139.04
324, 2017-11-9 14:50:28, -0.48, -0.50, -0.46, -0.09, -0.12, -0.07, -0.48, -0.04, 0.04, -0.03, -0.40, 1.07, 0.50, 0.30, 0.65, -0.05, -0.55, 0.16, 328.92, 322.40, 337.12, -52.84, -62.80, -37.04, 134.94, 121.56, 151.00
325, 2017-11-9 14:50:35, -0.47, -0.56, -0.37, -0.12, -0.24, -0.06, -0.47, -0.16, 0.06, -0.17, -1.25, 0.58, 0.43, -0.03, 1.10, 0.14, -1.15, 1.95, 320.05, 309.52, 330.68, -42.24, -49.92, -31.52, 141.87, 130.76, 152.84
326, 2017-11-9 14:50:42, -0.45, -0.47, -0.42, -0.14, -0.18, -0.12, -0.45, -0.09, -0.02, -0.17, -0.73, 0.20, 0.51, 0.34, 0.66, 0.12, -0.09, 0.38, 312.60, 304.92, 327.92, -35.71, -41.64, -29.68, 141.39, 136.28, 147.32
327, 2017-11-9 14:50:49, -0.43, -0.46, -0.41, -0.18, -0.21, -0.13, -0.43, -0.12, -0.03, -0.20, -1.05, 0.70, 0.51, 0.17, 0.85, 0.08, -0.48, 0.50, 305.55, 299.40, 318.72, -17.90, -31.52, -9.44, 152.67, 140.88, 159.28
328, 2017-11-9 14:50:56, -0.46, -0.48, -0.46, -0.13, -0.14, -0.11, -0.46, -0.04, 0.00, -0.15, -0.37, -0.03, 0.53, 0.39, 0.66, 0.07, -0.00, 0.25, 323.08, 319.64, 327.00, -30.19, -34.28, -26.00, 145.95, 141.80, 153.76
329, 2017-11-9 14:51:3, -0.46, -0.47, -0.45, -0.13, -0.14, -0.12, -0.46, -0.04, -0.02, -0.16, -0.40, 0.11, 0.53, 0.36, 0.65, 0.06, -0.01, 0.14, 317.27, 302.16, 322.40, -29.85, -37.04, -24.16, 147.98, 143.64, 154.68
330, 2017-11-9 14:51:10, -0.46, -0.47, -0.45, -0.13, -0.14, -0.12, -0.46, -0.05, -0.03, -0.17, -0.28, -0.10, 0.52, 0.49, 0.55, 0.06, -0.03, 0.11, 307.45, 281.92, 319.64, -27.30, -36.12, -8.52, 141.94, 128.00, 153.76
331, 2017-11-9 14:51:17, -0.46, -0.48, -0.45, -0.13, -0.15, -0.12, -0.46, -0.05, -0.02, -0.19, -0.46, -0.04, 0.55, 0.44, 0.66, 0.06, -0.16, 0.16, 315.30, 311.36, 321.48, -27.64, -34.28, -23.24, 144.75, 140.88, 156.52
332, 2017-11-9 14:51:24, -0.46, -0.47, -0.43, -0.14, -0.17, -0.12, -0.46, -0.07, -0.03, -0.13, -0.52, 0.37, 0.50, -0.06, 0.74, 0.07, -0.51, 0.54, 315.89, 310.44, 318.72, -30.80, -37.96, -18.64, 141.12, 136.28, 147.32
333, 2017-11-9 14:51:31, -0.46, -0.46, -0.45, -0.14, -0.14, -0.13, -0.46, -0.05, -0.03, -0.16, -0.25, -0.05, 0.53, 0.42, 0.62, 0.07, -0.00, 0.13, 318.55, 312.28, 323.32, -34.41, -50.84, -26.92, 140.47, 129.84, 160.20
334, 2017-11-9 14:51:38, -0.46, -0.47, -0.44, -0.14, -0.15, -0.13, -0.46, -0.04, -0.02, -0.16, -0.27, -0.01, 0.53, 0.45, 0.62, 0.09, -0.03, 0.37, 321.55, 309.52, 327.92, -33.77, -59.12, -26.00, 143.04, 138.12, 149.16
335, 2017-11-9 14:51:45, -0.46, -0.47, -0.44, -0.14, -0.16, -0.13, -0.46, -0.06, 0.01, -0.14, -0.74, 0.66, 0.51, 0.15, 0.79, 0.07, -0.20, 0.29, 322.64, 317.80, 327.92, -35.00, -39.80, -30.60, 143.18, 139.04, 147.32
336, 2017-11-9 14:51:52, -0.46, -0.47, -0.44, -0.14, -0.17, -0.12, -0.46, -0.06, -0.01, -0.16, -0.53, 0.21, 0.53, 0.25, 0.82, 0.06, -0.27, 0.33, 319.98, 316.88, 323.32, -33.41, -37.04, -28.76, 141.36, 136.28, 149.16
337, 2017-11-9 14:51:59, -0.47, -0.48, -0.45, -0.12, -0.14, -0.11, -0.47, -0.04, 0.01, -0.14, -0.48, 0.22, 0.50, 0.34, 0.71, 0.08, -0.11, 0.34, 316.27, 303.08, 323.32, -33.99, -37.96, -28.76, 141.33, 137.20, 151.92
338, 2017-11-9 14:52:6, -0.44, -0.49, -0.40, -0.17, -0.23, -0.12, -0.44, -0.09, 0.04, 0.06, -1.82, 1.73, 0.53, -0.03, 1.30, 0.26, -0.75, 1.11, 102.77, 61.76, 140.88, -255.64, -265.20, -244.96, 112.50, 105.00, 128.92
339, 2017-11-9 14:52:14, -0.45, -0.49, -0.40, -0.14, -0.20, -0.07, -0.45, -0.16, 0.06, -0.03, -1.81, 0.91, 0.52, -0.16, 1.20, 0.21, -0.81, 1.21, 288.24, 278.24, 302.16, -19.52, -26.92, -13.12, 127.38, 120.64, 136.28
340, 2017-11-9 14:52:21, -0.47, -0.50, -0.44, -0.12, -0.16, -0.08, -0.47, -0.06, 0.02, -0.18, -0.74, 0.32, 0.53, 0.21, 0.91, 0.06, -0.55, 0.74, 310.37, 304.92, 315.96, -16.98, -21.40, -12.20, 119.94, 112.36, 131.68
341, 2017-11-9 14:52:28, -0.47, -0.48, -0.45, -0.12, -0.14, -0.11, -0.47, -0.04, -0.00, -0.15, -0.39, 0.11, 0.52, 0.37, 0.73, 0.07, -0.09, 0.31, 312.35, 308.60, 315.04, -23.76, -26.92, -21.40, 127.19, 122.48, 132.60
342, 2017-11-9 14:52:35, -0.48, -0.53, -0.45, -0.10, -0.17, -0.05, -0.48, -0.04, 0.07, -0.35, -1.57, 0.22, 0.47, 0.24, 0.81, -0.06, -0.94, 0.29, 305.92, 297.56, 338.96, -54.93, -68.32, -40.72, 133.96, 128.00, 140.88
343, 2017-11-9 14:52:42, -0.46, -0.48, -0.44, -0.13, -0.16, -0.11, -0.46, -0.07, -0.02, -0.09, -0.51, 0.26, 0.64, 0.42, 0.81, 0.12, -0.13, 0.38, 310.11, 302.16, 317.80, -65.40, -71.08, -61.88, 145.15, 135.36, 154.68
344, 2017-11-9 14:52:49, -0.46, -0.48, -0.43, -0.14, -0.17, -0.11, -0.46, -0.09, -0.02, 0.07, -0.42, 0.54, 1.62, 1.38, 1.77, 0.32, 0.02, 0.64, 263.91, 254.32, 273.64, -344.02, -356.56, -328.96, 61.23, 12.08, 104.08
345, 2017-11-9 14:52:56, -0.45, -0.47, -0.43, -0.13, -0.18, -0.08, -0.45, -0.13, 0.00, -0.18, -1.39, 0.90, 0.52, -0.04, 0.87, 0.02, -0.90, 0.92, 319.50, 315.96, 323.32, -6.48, -10.36, -2.08, 303.46, 297.56, 310.44
346, 2017-11-9 14:53:3, -0.45, -0.46, -0.44, -0.14, -0.16, -0.13, -0.45, -0.07, -0.05, -0.14, -0.31, 0.13, 0.51, 0.42, 0.61, 0.06, -0.16, 0.17, 329.17, 325.16, 332.52, -169.64, -359.32, -0.24, 308.35, 304.92, 316.88
347, 2017-11-9 14:53:10, -0.44, -0.47, -0.41, -0.16, -0.19, -0.13, -0.44, -0.11, -0.04, -0.04, -0.46, 0.48, 0.61, 0.30, 0.80, 0.20, -0.12, 0.58, 336.06, 320.56, 341.72, -75.50, -359.32, -1.16, 297.39, 291.12, 307.68
348, 2017-11-9 14:53:17, -0.48, -0.51, -0.44, -0.08, -0.12, -0.05, -0.48, -0.09, 0.05, -0.64, -1.74, 0.34, -0.82, -1.11, -0.19, -0.29, -1.01, 0.33, 331.26, 325.16, 336.20, -267.39, -353.80, -0.24, 143.87, 4.72, 358.28
349, 2017-11-9 14:53:24, -0.46, -0.49, -0.41, -0.14, -0.18, -0.09, -0.46, -0.11, 0.02, -0.32, -1.29, 0.59, 0.53, 0.22, 0.86, 0.01, -0.78, 0.79, 327.81, 315.04, 348.16, -36.99, -44.40, -26.92, 151.53, 142.72, 161.12
350, 2017-11-9 14:53:31, -0.45, -0.48, -0.43, -0.15, -0.19, -0.13, -0.45, -0.09, -0.01, -0.22, -0.75, 0.43, 0.53, 0.31, 0.73, 0.06, -0.31, 0.59, 312.23, 285.60, 320.56, -30.50, -42.56, -16.80, 145.66, 130.76, 159.28
351, 2017-11-9 14:53:38, -0.45, -0.62, -0.37, -0.15, -0.20, -0.06, -0.45, -0.15, 0.03, -0.14, -1.26, 0.90, 0.47, -0.09, 0.78, 0.03, -0.74, 1.11, 302.50, 271.80, 340.80, -43.08, -57.28, -31.52, 144.55, 135.36, 156.52
352, 2017-11-9 14:53:45, -0.42, -0.54, -0.36, -0.21, -0.25, -0.15, -0.42, -0.14, -0.02, -0.12, -1.26, 1.07, 0.55, -0.37, 1.77, 0.11, -1.77, 1.61, 339.21, 321.48, 350.00, -42.58, -358.40, -1.16, 160.68, 150.08, 174.92
353, 2017-11-9 14:53:52, -0.45, -0.47, -0.44, -0.15, -0.16, -0.14, -0.45, -0.05, -0.01, -0.16, -0.31, 0.00, 0.52, 0.45, 0.61, 0.09, -0.01, 0.17, 338.36, 323.32, 356.44, -334.23, -359.32, -0.24, 137.65, 132.60, 143.64
354, 2017-11-9 14:53:59, -0.48, -0.50, -0.44, -0.10, -0.14, -0.07, -0.48, -0.07, 0.03, -0.14, -0.72, 0.49, 0.47, 0.02, 0.99, -0.00, -0.46, 0.63, 330.01, 315.96, 343.56, -38.34, -56.36, -24.16, 138.71, 123.40, 152.84
355, 2017-11-9 14:54:6, -0.47, -0.50, -0.44, -0.12, -0.16, -0.10, -0.47, -0.07, 0.02, -0.10, -0.86, 0.66, 0.50, 0.01, 1.11, 0.12, -0.31, 0.60, 334.83, 325.16, 350.92, -42.26, -49.92, -34.28, 134.41, 128.00, 139.96
356, 2017-11-9 14:54:13, -0.46, -0.49, -0.43, -0.14, -0.17, -0.11, -0.46, -0.07, -0.02, -0.21, -1.00, 0.12, 0.54, 0.32, 1.19, 0.06, -0.48, 0.37, 331.98, 326.08, 341.72, -39.69, -49.00, -33.36, 139.58, 132.60, 148.24
357, 2017-11-9 14:54:20, -0.44, -0.51, -0.38, -0.15, -0.21, -0.11, -0.44, -0.11, 0.01, 0.00, -0.54, 0.78, 0.48, 0.23, 0.83, 0.16, -1.29, 0.87, 332.30, 313.20, 350.92, -36.40, -42.56, -28.76, 139.28, 134.44, 147.32
358, 2017-11-9 14:54:27, -0.45, -0.53, -0.33, -0.16, -0.22, -0.11, -0.45, -0.18, 0.09, -0.57, -1.80, 1.15, 0.55, -0.38, 1.84, 0.11, -1.07, 1.18, 287.70, 1.96, 359.20, -21.83, -41.64, -3.92, 138.13, 128.00, 147.32
359, 2017-11-9 14:54:34, -0.45, -0.50, -0.37, -0.14, -0.21, -0.09, -0.45, 0.04, 0.18, -0.37, -3.25, 1.36, -0.02, -1.45, 0.99, 0.35, -1.59, 1.76, 109.82, 59.00, 220.00, -119.05, -212.76, -45.32, 207.49, 3.80, 358.28
360, 2017-11-9 14:54:41, -0.49, -0.51, -0.46, -0.06, -0.08, -0.04, -0.49, -0.02, 0.07, -0.15, -0.57, 0.22, 0.50, 0.36, 0.65, 0.12, -0.32, 0.58, 289.35, 268.12, 303.08, -254.27, -274.40, -229.32, 280.25, 273.64, 287.44
